地震の発生日,地震の発生時刻,震央地名,緯度,経度,深さ,Ｍ,最大震度
2023/09/22,17:45:24.8,薩摩半島西方沖,31°09.8′N,129°38.9′E,12 km,3.9,震度１
2023/09/22,12:05:37.9,宮城県沖,38°59.2′N,141°38.8′E,73 km,3.1,震度１
2023/09/22,11:51:42.9,トカラ列島近海,29°18.2′N,129°19.9′E,23 km,2.6,震度１
2023/09/22,02:25:25.1,釧路地方中南部,43°03.6′N,144°20.8′E,97 km,3.7,震度２
2023/09/22,00:59:10.9,宮城県沖,38°43.1′N,141°35.6′E,71 km,3.3,震度１
2023/09/21,06:41:45.2,トカラ列島近海,29°56.1′N,130°00.5′E,11 km,2.2,震度１
2023/09/21,04:26:33.4,トカラ列島近海,29°14.1′N,129°10.7′E,11 km,2.5,震度１
2023/09/20,18:03:26.7,渡島地方東部,41°52.7′N,140°31.0′E,13 km,2.8,震度１
2023/09/20,15:31:50.3,秋田県内陸南部,39°47.8′N,140°48.4′E,2 km,2.3,震度１
2023/09/20,09:16:19.4,能登半島沖,37°32.3′N,137°17.9′E,12 km,2.7,震度１
2023/09/19,13:35:27.7,トカラ列島近海,29°16.7′N,129°07.9′E,14 km,3.5,震度３
2023/09/19,06:42:24.3,トカラ列島近海,29°14.3′N,129°09.1′E,12 km,2.4,震度１
2023/09/19,06:29:45.0,トカラ列島近海,29°14.2′N,129°09.2′E,13 km,2.8,震度１
2023/09/19,04:33:04.4,宮城県沖,38°28.3′N,141°37.3′E,57 km,5.6,震度４
2023/09/19,01:17:25.9,熊本県熊本地方,32°30.9′N,130°34.4′E,8 km,2.8,震度１
2023/09/18,22:21:22.5,宮古島北西沖,26°28.7′N,125°13.2′E,182 km,6.5,震度３
2023/09/18,20:31:09.9,鳥島近海,29°43.4′N,139°17.6′E,462 km,5.2,震度１
2023/09/18,18:09:48.2,西表島付近,24°19.4′N,123°43.2′E,49 km,3.1,震度１
2023/09/18,12:43:20.9,奄美大島近海,28°33.6′N,130°03.5′E,34 km,4.1,震度１
2023/09/18,11:05:07.1,茨城県沖,36°30.4′N,141°05.6′E,40 km,3.4,震度１
2023/09/18,06:09:58.0,岩手県沿岸北部,39°45.5′N,141°51.0′E,57 km,3.5,震度１
2023/09/17,17:23:29.8,和歌山県北部,34°03.3′N,135°19.0′E,8 km,3.2,震度２
2023/09/17,00:17:30.9,千葉県東方沖,35°22.3′N,140°32.3′E,29 km,2.7,震度１
2023/09/16,15:51:29.8,宮城県沖,38°21.2′N,141°53.0′E,62 km,3.8,震度１
2023/09/16,14:58:35.6,茨城県南部,35°58.0′N,140°14.4′E,50 km,3.2,震度１
2023/09/16,05:28:41.9,岐阜県飛騨地方,36°03.2′N,137°34.4′E,5 km,2.0,震度１
2023/09/16,04:35:57.4,福島県沖,37°09.8′N,141°25.6′E,44 km,4.2,震度３
2023/09/16,04:07:51.6,徳島県北部,33°54.0′N,133°57.4′E,36 km,3.4,震度１
2023/09/16,00:20:23.1,岐阜県飛騨地方,36°03.1′N,137°34.2′E,4 km,2.1,震度１
2023/09/15,23:01:11.6,新島・神津島近海,34°28.1′N,139°13.6′E,15 km,2.4,震度１
2023/09/15,22:42:21.1,トカラ列島近海,29°19.3′N,129°24.0′E,20 km,2.6,震度１
2023/09/15,21:26:01.6,トカラ列島近海,29°20.0′N,129°18.1′E,24 km,2.5,震度１
2023/09/15,20:05:02.3,奄美大島北西沖,28°07.1′N,128°03.5′E,15 km,3.7,震度１
2023/09/15,18:38:46.2,岐阜県美濃東部,35°20.7′N,137°07.7′E,48 km,3.6,震度２
2023/09/15,16:56:44.1,千葉県北西部,35°48.2′N,140°07.3′E,67 km,3.9,震度１
2023/09/15,16:42:24.3,トカラ列島近海,29°18.7′N,129°23.6′E,12 km,2.9,震度１
2023/09/15,15:26:13.2,石川県能登地方,37°30.6′N,137°13.7′E,13 km,3.6,震度２
2023/09/15,15:08:57.3,トカラ列島近海,29°19.0′N,129°14.9′E,27 km,2.4,震度１
2023/09/15,14:57:37.0,千葉県東方沖,35°22.2′N,140°36.0′E,28 km,2.8,震度１
2023/09/15,13:48:07.3,千葉県東方沖,35°22.0′N,140°36.3′E,27 km,2.7,震度１
2023/09/15,02:46:09.0,千葉県東方沖,35°22.3′N,140°32.4′E,27 km,2.9,震度１
2023/09/14,18:55:59.7,大分県中部,33°17.4′N,131°28.2′E,4 km,1.4,震度１
2023/09/14,18:51:41.9,山形県庄内地方,39°03.3′N,139°54.4′E,10 km,2.7,震度２
2023/09/14,18:16:51.0,奄美大島近海,28°07.9′N,129°26.4′E,34 km,3.8,震度２
2023/09/14,09:11:24.7,トカラ列島近海,29°17.6′N,129°22.3′E,18 km,3.2,震度１
2023/09/14,08:07:14.0,能登半島沖,37°33.2′N,137°16.2′E,12 km,2.8,震度１
2023/09/14,03:14:38.5,茨城県沖,36°42.6′N,141°29.4′E,39 km,4.1,震度１
2023/09/14,01:29:45.3,福島県沖,37°09.4′N,141°22.2′E,46 km,3.7,震度１
2023/09/13,12:24:36.2,トカラ列島近海,29°56.5′N,130°01.6′E,9 km,2.4,震度１
2023/09/13,12:15:41.7,トカラ列島近海,29°56.7′N,130°01.5′E,8 km,2.5,震度１
2023/09/13,05:01:27.7,石川県能登地方,37°30.8′N,137°17.7′E,14 km,2.9,震度１
2023/09/12,18:13:43.8,奄美大島近海,28°08.9′N,130°16.5′E,34 km,3.6,震度１
2023/09/12,17:57:27.3,奄美大島近海,28°07.5′N,130°21.9′E,35 km,4.8,震度２
2023/09/12,17:56:04.2,奄美大島近海,28°08.2′N,130°22.1′E,36 km,4.4,震度２
2023/09/12,15:22:28.3,トカラ列島近海,29°19.4′N,129°23.6′E,17 km,2.9,震度２
2023/09/12,08:41:47.0,福島県沖,37°51.4′N,141°44.9′E,63 km,4.0,震度１
2023/09/12,05:46:44.0,トカラ列島近海,29°20.8′N,129°13.5′E,20 km,2.1,震度１
2023/09/12,02:16:21.0,トカラ列島近海,29°19.4′N,129°22.3′E,19 km,3.2,震度２
2023/09/12,01:50:20.7,トカラ列島近海,29°19.8′N,129°20.6′E,16 km,2.5,震度１
2023/09/12,01:48:39.3,トカラ列島近海,29°19.7′N,129°21.1′E,15 km,3.2,震度２
2023/09/12,01:46:12.1,トカラ列島近海,29°19.3′N,129°20.9′E,19 km,4.6,震度３
2023/09/11,23:57:54.5,宮城県沖,38°51.9′N,142°02.2′E,46 km,3.6,震度１
2023/09/11,23:17:01.9,鹿児島県薩摩地方,31°16.7′N,130°27.8′E,153 km,3.8,震度１
2023/09/11,22:03:23.7,トカラ列島近海,29°21.0′N,129°13.0′E,27 km,2.3,震度１
2023/09/11,19:23:46.5,釧路地方中南部,43°12.1′N,144°29.8′E,87 km,3.1,震度１
2023/09/11,16:38:48.3,栃木県北部,36°50.1′N,139°49.6′E,4 km,2.9,震度２
2023/09/11,15:57:09.0,トカラ列島近海,29°19.6′N,129°22.7′E,20 km,2.4,震度１
2023/09/11,11:05:05.6,トカラ列島近海,29°17.9′N,129°22.6′E,20 km,2.7,震度１
2023/09/11,10:23:58.7,トカラ列島近海,29°18.1′N,129°22.6′E,17 km,2.9,震度１
2023/09/11,10:10:34.9,トカラ列島近海,29°19.6′N,129°13.7′E,25 km,2.7,震度１
2023/09/11,07:57:56.1,トカラ列島近海,29°19.4′N,129°21.3′E,21 km,4.0,震度２
2023/09/11,07:57:02.5,宗谷海峡,45°25.9′N,141°44.9′E,22 km,3.2,震度１
2023/09/11,07:53:15.4,トカラ列島近海,29°18.2′N,129°22.6′E,19 km,2.7,震度１
2023/09/11,03:49:39.7,トカラ列島近海,29°19.5′N,129°22.4′E,18 km,3.1,震度１
2023/09/11,03:46:54.4,トカラ列島近海,29°19.4′N,129°14.8′E,25 km,2.6,震度１
2023/09/11,02:58:27.2,大隅半島東方沖,31°03.9′N,131°33.9′E,33 km,4.3,震度２
2023/09/11,02:39:23.9,トカラ列島近海,29°19.0′N,129°21.1′E,18 km,2.5,震度１
2023/09/11,01:01:53.3,トカラ列島近海,29°15.6′N,129°13.6′E,18 km,2.2,震度１
2023/09/11,00:57:23.5,トカラ列島近海,29°14.6′N,129°13.4′E,19 km,2.4,震度１
2023/09/11,00:44:15.6,トカラ列島近海,29°17.6′N,129°19.2′E,22 km,2.5,震度１
2023/09/11,00:36:55.5,トカラ列島近海,29°19.5′N,129°24.8′E,17 km,3.1,震度２
2023/09/11,00:01:59.7,トカラ列島近海,29°18.7′N,129°23.3′E,18 km,5.3,震度４
2023/09/10,18:22:28.2,トカラ列島近海,29°17.5′N,129°19.4′E,19 km,3.4,震度２
2023/09/10,17:09:44.0,トカラ列島近海,29°18.2′N,129°23.9′E,18 km,2.6,震度１
2023/09/10,16:35:24.9,トカラ列島近海,29°18.8′N,129°15.2′E,23 km,3.1,震度２
2023/09/10,16:33:08.7,トカラ列島近海,29°14.9′N,129°20.6′E,20 km,2.4,震度１
2023/09/10,16:25:09.5,トカラ列島近海,29°17.7′N,129°22.6′E,16 km,2.8,震度１
2023/09/10,16:07:44.9,トカラ列島近海,29°18.2′N,129°21.0′E,19 km,2.7,震度１
2023/09/10,16:04:51.6,トカラ列島近海,29°16.4′N,129°22.4′E,15 km,2.6,震度１
2023/09/10,15:54:49.3,トカラ列島近海,29°18.9′N,129°20.2′E,18 km,2.3,震度１
2023/09/10,15:51:02.2,トカラ列島近海,29°18.7′N,129°18.1′E,22 km,2.8,震度１
2023/09/10,14:55:03.4,トカラ列島近海,29°19.7′N,129°21.4′E,24 km,2.8,震度１
2023/09/10,14:42:57.8,トカラ列島近海,29°18.7′N,129°15.9′E,24 km,2.2,震度１
2023/09/10,14:28:33.0,トカラ列島近海,29°18.4′N,129°21.2′E,19 km,4.7,震度３
2023/09/10,11:41:03.0,トカラ列島近海,29°18.7′N,129°26.8′E,20 km,2.4,震度１
2023/09/10,11:32:03.3,トカラ列島近海,29°18.7′N,129°27.1′E,19 km,2.5,震度１
2023/09/10,09:25:26.6,能登半島沖,37°31.3′N,137°08.0′E,10 km,2.4,震度１
2023/09/10,09:10:57.2,トカラ列島近海,29°16.1′N,129°17.8′E,19 km,3.3,震度２
2023/09/10,09:09:43.0,トカラ列島近海,29°18.5′N,129°06.0′E,16 km,3.6,震度２
2023/09/10,08:53:22.5,トカラ列島近海,29°18.4′N,129°12.9′E,24 km,2.5,震度１
2023/09/10,08:48:29.3,トカラ列島近海,29°18.2′N,129°12.4′E,26 km,2.6,震度１
2023/09/10,08:01:14.1,トカラ列島近海,29°17.0′N,129°25.4′E,8 km,2.7,震度１
2023/09/10,06:43:44.7,トカラ列島近海,29°20.0′N,129°10.3′E,30 km,2.5,震度１
2023/09/10,03:46:12.4,茨城県沖,36°27.3′N,141°05.8′E,21 km,3.9,震度１
2023/09/10,02:59:24.4,トカラ列島近海,29°19.6′N,129°23.7′E,19 km,2.7,震度１
2023/09/10,01:57:27.9,トカラ列島近海,29°18.3′N,129°21.7′E,20 km,3.8,震度２
2023/09/10,01:37:30.4,トカラ列島近海,29°20.1′N,129°25.2′E,14 km,3.1,震度１
2023/09/09,23:30:46.8,トカラ列島近海,29°18.0′N,129°20.4′E,21 km,2.5,震度１
2023/09/09,23:16:51.0,岐阜県美濃中西部,35°36.6′N,137°02.3′E,9 km,2.6,震度１
2023/09/09,22:09:05.2,トカラ列島近海,29°20.2′N,129°21.6′E,23 km,2.8,震度１
2023/09/09,21:09:17.8,トカラ列島近海,29°16.5′N,129°24.0′E,14 km,2.3,震度１
2023/09/09,21:03:24.0,トカラ列島近海,29°18.0′N,129°20.2′E,20 km,2.9,震度１
2023/09/09,21:01:46.2,トカラ列島近海,29°20.2′N,129°23.1′E,17 km,2.8,震度１
2023/09/09,20:57:12.9,トカラ列島近海,29°18.8′N,129°25.2′E,15 km,3.2,震度２
2023/09/09,20:56:04.4,トカラ列島近海,29°19.0′N,129°11.7′E,29 km,2.8,震度１
2023/09/09,20:18:27.6,トカラ列島近海,29°18.9′N,129°19.8′E,19 km,3.3,震度２
2023/09/09,20:12:00.7,千葉県東方沖,35°46.9′N,140°55.7′E,25 km,2.9,震度１
2023/09/09,19:47:35.9,トカラ列島近海,29°20.3′N,129°16.0′E,27 km,2.6,震度１
2023/09/09,19:45:49.0,トカラ列島近海,29°20.1′N,129°17.9′E,26 km,3.0,震度２
2023/09/09,18:28:27.5,トカラ列島近海,29°18.2′N,129°15.3′E,16 km,3.8,震度３
2023/09/09,18:16:58.5,トカラ列島近海,29°18.4′N,129°22.5′E,20 km,2.9,震度１
2023/09/09,17:21:17.0,トカラ列島近海,29°19.6′N,129°22.6′E,20 km,2.4,震度１
2023/09/09,17:00:46.9,トカラ列島近海,29°19.2′N,129°18.3′E,25 km,2.9,震度１
2023/09/09,16:55:00.5,トカラ列島近海,29°20.0′N,129°23.2′E,19 km,2.9,震度２
2023/09/09,16:49:02.4,トカラ列島近海,29°21.4′N,129°19.0′E,23 km,2.6,震度１
2023/09/09,16:46:15.4,トカラ列島近海,29°12.6′N,129°12.2′E,16 km,2.2,震度１
2023/09/09,16:34:10.1,トカラ列島近海,29°18.7′N,129°20.5′E,20 km,2.9,震度１
2023/09/09,16:07:52.0,トカラ列島近海,29°19.8′N,129°24.0′E,19 km,3.6,震度３
2023/09/09,15:46:29.2,栃木県北部,36°37.4′N,139°26.1′E,5 km,1.9,震度１
2023/09/09,14:45:24.3,トカラ列島近海,29°19.4′N,129°19.9′E,23 km,2.6,震度１
2023/09/09,14:17:25.3,トカラ列島近海,29°20.1′N,129°19.6′E,22 km,2.9,震度１
2023/09/09,14:15:36.1,トカラ列島近海,29°18.5′N,129°27.0′E,6 km,2.5,震度１
2023/09/09,14:10:18.2,トカラ列島近海,29°20.2′N,129°22.6′E,19 km,3.0,震度２
2023/09/09,14:08:31.1,トカラ列島近海,29°18.3′N,129°24.5′E,16 km,2.6,震度１
2023/09/09,14:04:41.5,トカラ列島近海,29°20.1′N,129°16.1′E,27 km,2.6,震度１
2023/09/09,13:47:30.2,トカラ列島近海,29°17.1′N,129°16.8′E,22 km,不明,震度１
2023/09/09,13:46:31.9,トカラ列島近海,29°18.7′N,129°23.0′E,19 km,3.7,震度３
2023/09/09,13:25:20.4,トカラ列島近海,29°17.3′N,129°22.7′E,17 km,2.7,震度１
2023/09/09,13:22:57.4,トカラ列島近海,29°22.9′N,129°18.3′E,25 km,2.8,震度１
2023/09/09,13:18:29.5,トカラ列島近海,29°19.5′N,129°24.9′E,16 km,2.7,震度１
2023/09/09,13:13:08.6,トカラ列島近海,29°20.5′N,129°18.2′E,27 km,2.9,震度１
2023/09/09,13:03:39.8,トカラ列島近海,29°17.5′N,129°24.2′E,16 km,2.9,震度１
2023/09/09,12:56:13.3,トカラ列島近海,29°20.6′N,129°17.2′E,23 km,2.4,震度１
2023/09/09,12:54:08.4,トカラ列島近海,29°18.7′N,129°22.0′E,17 km,3.1,震度２
2023/09/09,12:52:49.8,トカラ列島近海,29°18.8′N,129°22.2′E,18 km,3.5,震度２
2023/09/09,12:49:49.4,トカラ列島近海,29°18.2′N,129°19.2′E,24 km,2.6,震度１
2023/09/09,12:40:27.9,トカラ列島近海,29°16.6′N,129°18.3′E,21 km,2.9,震度１
2023/09/09,12:36:46.6,トカラ列島近海,29°17.9′N,129°26.7′E,12 km,2.6,震度１
2023/09/09,12:34:06.1,トカラ列島近海,29°17.5′N,129°23.4′E,16 km,2.6,震度１
2023/09/09,12:31:59.3,トカラ列島近海,29°19.8′N,129°20.8′E,24 km,2.9,震度１
2023/09/09,12:24:27.9,トカラ列島近海,29°15.9′N,129°23.9′E,20 km,2.5,震度１
2023/09/09,12:14:02.9,空知地方北部,43°53.3′N,142°04.2′E,9 km,2.5,震度１
2023/09/09,12:08:27.4,トカラ列島近海,29°17.2′N,129°22.1′E,20 km,2.6,震度１
2023/09/09,12:03:36.9,トカラ列島近海,29°19.5′N,129°24.3′E,18 km,4.2,震度３
2023/09/09,11:57:10.5,トカラ列島近海,29°19.4′N,129°24.1′E,16 km,2.5,震度１
2023/09/09,11:54:02.7,トカラ列島近海,29°19.1′N,129°24.5′E,18 km,2.8,震度１
2023/09/09,11:49:38.1,トカラ列島近海,29°18.5′N,129°23.9′E,16 km,3.1,震度２
2023/09/09,11:41:34.6,伊予灘,33°33.7′N,132°00.2′E,71 km,4.1,震度２
2023/09/09,11:40:11.1,トカラ列島近海,29°20.0′N,129°23.0′E,19 km,4.4,震度３
2023/09/09,11:32:17.7,トカラ列島近海,29°20.5′N,129°22.6′E,18 km,2.5,震度１
2023/09/09,11:28:51.0,愛知県西部,35°15.2′N,137°16.9′E,47 km,3.1,震度１
2023/09/09,11:24:16.9,トカラ列島近海,29°19.5′N,129°24.2′E,17 km,3.2,震度２
2023/09/09,11:20:52.4,トカラ列島近海,29°17.6′N,129°20.6′E,20 km,2.9,震度１
2023/09/09,11:18:39.3,トカラ列島近海,29°18.5′N,129°25.3′E,15 km,2.6,震度１
2023/09/09,11:16:13.9,トカラ列島近海,29°17.4′N,129°27.1′E,11 km,2.8,震度１
2023/09/09,11:14:52.1,トカラ列島近海,29°19.1′N,129°25.4′E,19 km,3.2,震度２
2023/09/09,11:13:11.8,トカラ列島近海,29°20.0′N,129°21.8′E,19 km,2.9,震度１
2023/09/09,11:11:38.2,トカラ列島近海,29°20.2′N,129°22.6′E,20 km,3.3,震度２
2023/09/09,11:03:47.4,トカラ列島近海,29°19.7′N,129°23.4′E,19 km,3.7,震度３
2023/09/09,10:57:18.6,トカラ列島近海,29°17.7′N,129°26.9′E,9 km,2.6,震度１
2023/09/09,10:55:10.6,トカラ列島近海,29°16.9′N,129°27.2′E,15 km,2.6,震度１
2023/09/09,10:53:51.3,トカラ列島近海,29°14.7′N,129°28.4′E,5 km,不明,震度１
2023/09/09,10:52:34.0,トカラ列島近海,29°19.8′N,129°23.5′E,17 km,3.6,震度２
2023/09/09,10:51:35.4,トカラ列島近海,29°19.6′N,129°23.8′E,20 km,3.1,震度１
2023/09/09,10:46:22.3,トカラ列島近海,29°17.6′N,129°26.4′E,15 km,不明,震度１
2023/09/09,10:45:39.7,トカラ列島近海,29°22.7′N,129°17.8′E,22 km,3.0,震度１
2023/09/09,10:27:20.9,トカラ列島近海,29°20.5′N,129°19.0′E,24 km,3.3,震度２
2023/09/09,10:26:06.4,トカラ列島近海,29°19.7′N,129°24.6′E,13 km,3.2,震度２
2023/09/09,10:19:57.8,トカラ列島近海,29°18.7′N,129°24.6′E,18 km,2.4,震度１
2023/09/09,10:06:12.2,トカラ列島近海,29°17.6′N,129°26.7′E,12 km,2.8,震度１
2023/09/09,09:58:08.4,トカラ列島近海,29°18.4′N,129°22.0′E,20 km,3.1,震度２
2023/09/09,09:50:12.4,トカラ列島近海,29°18.5′N,129°25.0′E,26 km,2.8,震度１
2023/09/09,09:44:00.4,トカラ列島近海,29°20.0′N,129°20.0′E,19 km,4.0,震度３
2023/09/09,09:27:48.0,トカラ列島近海,29°15.4′N,129°06.3′E,9 km,3.2,震度３
2023/09/09,09:21:41.9,トカラ列島近海,29°18.2′N,129°21.7′E,20 km,3.0,震度２
2023/09/09,09:12:19.6,トカラ列島近海,29°17.1′N,129°24.6′E,13 km,2.4,震度１
2023/09/09,09:07:03.9,トカラ列島近海,29°19.0′N,129°20.8′E,19 km,2.8,震度１
2023/09/09,09:00:12.0,トカラ列島近海,29°18.1′N,129°22.8′E,17 km,2.5,震度１
2023/09/09,08:19:34.6,トカラ列島近海,29°17.7′N,129°23.2′E,16 km,3.0,震度１
2023/09/09,08:10:27.4,トカラ列島近海,29°18.3′N,129°19.3′E,23 km,2.6,震度１
2023/09/09,08:01:23.0,トカラ列島近海,29°18.5′N,129°22.3′E,20 km,3.4,震度２
2023/09/09,07:51:00.0,トカラ列島近海,29°19.4′N,129°18.9′E,25 km,2.8,震度１
2023/09/09,07:47:01.9,トカラ列島近海,29°16.7′N,129°21.0′E,16 km,3.8,震度２
2023/09/09,07:45:12.9,トカラ列島近海,29°19.5′N,129°21.3′E,20 km,2.5,震度１
2023/09/09,07:24:05.0,トカラ列島近海,29°18.1′N,129°23.9′E,15 km,2.7,震度１
2023/09/09,07:21:16.5,トカラ列島近海,29°19.4′N,129°22.1′E,20 km,2.7,震度１
2023/09/09,07:14:50.4,トカラ列島近海,29°22.7′N,129°17.3′E,4 km,不明,震度１
2023/09/09,07:11:38.0,トカラ列島近海,29°18.6′N,129°22.5′E,19 km,2.9,震度１
2023/09/09,07:10:02.1,トカラ列島近海,29°17.7′N,129°24.3′E,15 km,2.6,震度１
2023/09/09,07:09:50.2,宮古島近海,25°03.9′N,124°41.2′E,79 km,4.3,震度１
2023/09/09,07:08:36.2,トカラ列島近海,29°17.5′N,129°14.1′E,24 km,2.7,震度１
2023/09/09,07:04:23.4,トカラ列島近海,29°18.2′N,129°23.4′E,18 km,3.2,震度２
2023/09/09,06:59:46.0,トカラ列島近海,29°23.1′N,129°07.9′E,27 km,3.6,震度２
2023/09/09,06:29:30.1,トカラ列島近海,29°18.2′N,129°22.5′E,18 km,2.8,震度１
2023/09/09,06:26:02.1,トカラ列島近海,29°19.5′N,129°16.5′E,23 km,2.6,震度１
2023/09/09,06:17:25.8,トカラ列島近海,29°19.5′N,129°21.7′E,20 km,2.6,震度１
2023/09/09,06:14:51.2,茨城県沖,36°14.1′N,140°57.4′E,43 km,3.2,震度１
2023/09/09,06:14:05.7,トカラ列島近海,29°18.3′N,129°22.8′E,17 km,3.5,震度２
2023/09/09,06:13:21.8,トカラ列島近海,29°18.6′N,129°21.7′E,21 km,2.7,震度１
2023/09/09,05:54:50.1,トカラ列島近海,29°19.7′N,129°19.5′E,23 km,2.5,震度１
2023/09/09,05:44:30.0,トカラ列島近海,29°14.3′N,129°08.4′E,10 km,2.4,震度１
2023/09/09,05:25:36.0,トカラ列島近海,29°18.7′N,129°21.0′E,21 km,2.6,震度１
2023/09/09,05:23:02.1,トカラ列島近海,29°19.4′N,129°18.5′E,26 km,2.8,震度２
2023/09/09,05:17:37.8,トカラ列島近海,29°13.1′N,129°06.8′E,12 km,2.2,震度２
2023/09/09,05:12:47.8,トカラ列島近海,29°18.6′N,129°19.7′E,20 km,3.2,震度２
2023/09/09,05:02:39.0,トカラ列島近海,29°18.2′N,129°24.7′E,16 km,4.2,震度３
2023/09/09,05:00:41.4,トカラ列島近海,29°19.8′N,129°22.3′E,21 km,2.8,震度１
2023/09/09,04:57:53.2,トカラ列島近海,29°18.1′N,129°16.9′E,24 km,2.7,震度１
2023/09/09,04:54:23.6,トカラ列島近海,29°13.9′N,129°10.2′E,13 km,2.2,震度２
2023/09/09,04:53:00.1,トカラ列島近海,29°12.2′N,129°15.1′E,10 km,1.9,震度１
2023/09/09,04:49:39.0,トカラ列島近海,29°12.2′N,129°04.7′E,1 km,3.2,震度２
2023/09/09,04:47:14.3,トカラ列島近海,29°19.0′N,129°17.7′E,16 km,3.0,震度１
2023/09/09,04:46:09.2,トカラ列島近海,29°15.6′N,129°10.8′E,9 km,2.8,震度１
2023/09/09,04:45:16.8,トカラ列島近海,29°13.6′N,129°09.5′E,8 km,2.9,震度３
2023/09/09,04:44:13.2,トカラ列島近海,29°15.4′N,129°24.5′E,14 km,3.0,震度１
2023/09/09,04:38:55.9,トカラ列島近海,29°15.4′N,129°05.9′E,6 km,3.6,震度３
2023/09/09,04:35:37.9,トカラ列島近海,29°19.6′N,129°22.4′E,18 km,2.8,震度１
2023/09/09,04:34:17.8,トカラ列島近海,29°19.3′N,129°17.4′E,23 km,不明,震度１
2023/09/09,04:32:25.3,トカラ列島近海,29°21.5′N,129°17.5′E,19 km,3.8,震度３
2023/09/09,04:24:18.3,トカラ列島近海,29°20.4′N,129°18.1′E,26 km,3.0,震度２
2023/09/09,04:18:09.9,トカラ列島近海,29°18.7′N,129°21.2′E,19 km,2.5,震度１
2023/09/09,04:17:08.6,トカラ列島近海,29°16.2′N,129°16.0′E,23 km,3.1,震度２
2023/09/09,04:11:22.5,トカラ列島近海,29°18.7′N,129°22.7′E,18 km,3.5,震度２
2023/09/09,04:10:06.9,トカラ列島近海,29°19.3′N,129°18.4′E,22 km,2.5,震度１
2023/09/09,04:02:46.3,トカラ列島近海,29°17.6′N,129°23.9′E,14 km,2.8,震度１
2023/09/09,04:00:22.5,トカラ列島近海,29°17.4′N,129°25.0′E,12 km,3.0,震度２
2023/09/09,03:59:24.5,トカラ列島近海,29°20.4′N,129°09.9′E,28 km,2.5,震度１
2023/09/09,03:56:55.1,トカラ列島近海,29°17.0′N,129°22.6′E,20 km,2.8,震度１
2023/09/09,03:51:04.8,トカラ列島近海,29°16.6′N,129°18.4′E,18 km,2.5,震度１
2023/09/09,03:46:43.8,トカラ列島近海,29°18.0′N,129°15.5′E,19 km,2.7,震度１
2023/09/09,03:45:03.2,トカラ列島近海,29°19.8′N,129°16.3′E,26 km,2.8,震度１
2023/09/09,03:42:15.8,トカラ列島近海,29°20.7′N,129°18.8′E,22 km,3.4,震度２
2023/09/09,03:40:48.8,トカラ列島近海,29°17.3′N,129°24.3′E,12 km,3.0,震度１
2023/09/09,03:40:01.8,トカラ列島近海,29°21.3′N,129°13.6′E,26 km,2.7,震度１
2023/09/09,03:37:11.5,トカラ列島近海,29°17.3′N,129°18.4′E,25 km,2.7,震度１
2023/09/09,03:34:37.3,トカラ列島近海,29°18.3′N,129°23.0′E,16 km,3.1,震度２
2023/09/09,03:32:55.2,トカラ列島近海,29°19.3′N,129°14.6′E,25 km,2.6,震度１
2023/09/09,03:28:43.3,トカラ列島近海,29°19.7′N,129°16.8′E,26 km,3.4,震度２
2023/09/09,03:27:47.1,トカラ列島近海,29°18.4′N,129°14.9′E,26 km,2.5,震度１
2023/09/09,03:26:54.0,トカラ列島近海,29°19.7′N,129°13.0′E,26 km,3.0,震度１
2023/09/09,03:23:12.8,トカラ列島近海,29°17.0′N,129°20.3′E,17 km,3.3,震度２
2023/09/09,03:20:18.7,トカラ列島近海,29°16.9′N,129°24.0′E,30 km,2.7,震度１
2023/09/09,03:17:09.3,トカラ列島近海,29°18.8′N,129°22.4′E,21 km,3.0,震度１
2023/09/09,03:13:32.5,トカラ列島近海,29°17.5′N,129°24.1′E,12 km,2.6,震度１
2023/09/09,03:12:15.1,トカラ列島近海,29°20.0′N,129°07.2′E,27 km,3.0,震度１
2023/09/09,03:11:29.3,トカラ列島近海,29°19.2′N,129°13.7′E,28 km,3.0,震度１
2023/09/09,03:09:24.6,トカラ列島近海,29°15.8′N,129°13.8′E,26 km,3.3,震度２
2023/09/09,03:08:13.4,トカラ列島近海,29°19.0′N,129°20.3′E,19 km,5.1,震度３
2023/09/09,03:06:49.3,トカラ列島近海,29°19.1′N,129°18.3′E,23 km,2.7,震度１
2023/09/09,03:04:31.0,トカラ列島近海,29°16.6′N,129°23.7′E,17 km,2.8,震度２
2023/09/09,03:03:34.0,トカラ列島近海,29°16.6′N,129°22.8′E,17 km,2.4,震度１
2023/09/09,03:01:27.9,トカラ列島近海,29°18.2′N,129°23.9′E,16 km,2.5,震度１
2023/09/09,02:59:33.2,トカラ列島近海,29°18.6′N,129°22.2′E,14 km,2.6,震度１
2023/09/09,02:55:17.0,トカラ列島近海,29°17.7′N,129°22.3′E,19 km,2.4,震度１
2023/09/09,02:53:54.2,トカラ列島近海,29°18.4′N,129°23.1′E,16 km,3.2,震度２
2023/09/09,02:51:12.6,トカラ列島近海,29°19.2′N,129°21.6′E,19 km,3.3,震度２
2023/09/09,02:50:31.9,トカラ列島近海,29°18.0′N,129°19.8′E,15 km,2.6,震度１
2023/09/09,02:47:37.9,トカラ列島近海,29°17.1′N,129°20.4′E,17 km,3.0,震度２
2023/09/09,02:46:01.3,トカラ列島近海,29°19.0′N,129°15.6′E,27 km,3.8,震度２
2023/09/09,02:45:25.1,トカラ列島近海,29°18.2′N,129°23.9′E,16 km,2.5,震度１
2023/09/09,02:43:56.9,トカラ列島近海,29°18.0′N,129°22.8′E,17 km,2.9,震度１
2023/09/09,02:41:01.0,トカラ列島近海,29°16.2′N,129°13.8′E,21 km,3.7,震度２
2023/09/09,02:40:16.2,トカラ列島近海,29°19.8′N,129°20.0′E,18 km,3.1,震度２
2023/09/09,02:38:53.7,トカラ列島近海,29°18.2′N,129°20.6′E,19 km,3.2,震度２
2023/09/09,02:35:45.6,トカラ列島近海,29°17.9′N,129°23.4′E,14 km,3.1,震度２
2023/09/09,02:34:46.6,トカラ列島近海,29°19.0′N,129°12.4′E,25 km,2.9,震度１
2023/09/09,02:33:11.5,トカラ列島近海,29°16.6′N,129°25.2′E,13 km,3.2,震度２
2023/09/09,02:32:15.6,トカラ列島近海,29°19.1′N,129°14.4′E,26 km,2.9,震度１
2023/09/09,02:30:45.4,トカラ列島近海,29°18.8′N,129°13.4′E,25 km,3.5,震度２
2023/09/09,02:28:51.5,トカラ列島近海,29°19.0′N,129°23.4′E,15 km,4.9,震度４
2023/09/09,02:26:35.0,トカラ列島近海,29°16.1′N,129°23.4′E,17 km,3.3,震度２
2023/09/09,02:25:32.1,トカラ列島近海,29°18.4′N,129°20.0′E,16 km,3.5,震度１
2023/09/09,02:23:03.2,トカラ列島近海,29°16.8′N,129°22.8′E,17 km,2.7,震度１
2023/09/09,02:21:23.6,トカラ列島近海,29°16.4′N,129°15.9′E,24 km,2.5,震度１
2023/09/09,02:17:56.1,トカラ列島近海,29°19.0′N,129°24.2′E,12 km,3.1,震度２
2023/09/09,02:16:05.3,トカラ列島近海,29°19.1′N,129°14.2′E,24 km,2.8,震度２
2023/09/09,02:14:18.9,トカラ列島近海,29°18.4′N,129°18.2′E,23 km,3.4,震度２
2023/09/09,02:11:48.6,トカラ列島近海,29°17.3′N,129°18.7′E,21 km,2.9,震度１
2023/09/09,02:10:49.3,トカラ列島近海,29°18.0′N,129°21.2′E,16 km,2.7,震度１
2023/09/09,02:06:25.4,トカラ列島近海,29°20.3′N,129°16.8′E,19 km,2.4,震度１
2023/09/09,02:03:54.2,トカラ列島近海,29°17.1′N,129°22.9′E,16 km,2.8,震度１
2023/09/09,02:00:14.9,トカラ列島近海,29°18.1′N,129°24.2′E,11 km,2.4,震度１
2023/09/09,01:56:25.0,トカラ列島近海,29°16.6′N,129°19.7′E,20 km,3.0,震度１
2023/09/09,01:55:37.6,トカラ列島近海,29°16.6′N,129°18.8′E,23 km,2.9,震度１
2023/09/09,01:47:27.4,トカラ列島近海,29°18.2′N,129°21.6′E,17 km,3.0,震度１
2023/09/09,01:39:23.2,トカラ列島近海,29°20.7′N,129°10.6′E,28 km,2.7,震度１
2023/09/09,01:31:08.0,トカラ列島近海,29°19.5′N,129°19.6′E,19 km,2.8,震度２
2023/09/09,01:14:50.6,トカラ列島近海,29°19.2′N,129°22.7′E,18 km,3.1,震度１
2023/09/09,01:11:51.4,トカラ列島近海,29°18.7′N,129°21.4′E,24 km,2.6,震度１
2023/09/09,01:06:10.7,トカラ列島近海,29°19.8′N,129°21.4′E,19 km,2.8,震度１
2023/09/09,01:04:42.9,トカラ列島近海,29°19.1′N,129°23.5′E,17 km,2.9,震度２
2023/09/09,01:01:40.8,トカラ列島近海,29°18.7′N,129°20.1′E,18 km,3.1,震度１
2023/09/09,00:57:29.3,トカラ列島近海,29°19.1′N,129°23.2′E,18 km,2.8,震度１
2023/09/09,00:54:48.0,トカラ列島近海,29°19.1′N,129°22.3′E,19 km,2.9,震度１
2023/09/09,00:51:06.6,トカラ列島近海,29°19.7′N,129°22.6′E,18 km,3.2,震度２
2023/09/09,00:49:35.6,トカラ列島近海,29°19.3′N,129°23.0′E,18 km,2.7,震度１
2023/09/09,00:46:35.1,トカラ列島近海,29°19.1′N,129°23.7′E,13 km,2.6,震度１
2023/09/09,00:40:46.8,トカラ列島近海,29°19.5′N,129°24.6′E,18 km,2.5,震度１
2023/09/09,00:23:58.1,トカラ列島近海,29°19.5′N,129°23.1′E,18 km,4.5,震度３
2023/09/09,00:11:55.8,トカラ列島近海,29°18.2′N,129°25.2′E,8 km,3.3,震度２
2023/09/08,23:41:38.7,トカラ列島近海,29°20.5′N,129°19.0′E,24 km,2.3,震度１
2023/09/08,23:23:21.5,トカラ列島近海,29°18.1′N,129°23.2′E,18 km,2.7,震度１
2023/09/08,23:12:17.5,トカラ列島近海,29°18.6′N,129°20.2′E,20 km,3.6,震度３
2023/09/08,22:57:24.2,トカラ列島近海,29°18.0′N,129°24.0′E,15 km,2.5,震度１
2023/09/08,22:49:14.3,トカラ列島近海,29°17.8′N,129°19.0′E,22 km,2.5,震度１
2023/09/08,22:38:07.3,トカラ列島近海,29°16.9′N,129°13.7′E,24 km,2.7,震度１
2023/09/08,22:27:51.1,トカラ列島近海,29°16.9′N,129°14.1′E,26 km,2.4,震度１
2023/09/08,22:15:28.9,トカラ列島近海,29°18.6′N,129°20.5′E,20 km,2.6,震度１
2023/09/08,22:08:26.6,トカラ列島近海,29°20.7′N,129°19.9′E,22 km,3.9,震度２
2023/09/08,22:01:46.7,トカラ列島近海,29°19.8′N,129°21.1′E,21 km,2.7,震度１
2023/09/08,21:57:21.0,トカラ列島近海,29°19.4′N,129°22.2′E,19 km,3.1,震度１
2023/09/08,21:24:02.3,トカラ列島近海,29°19.0′N,129°21.2′E,16 km,2.9,震度１
2023/09/08,20:53:03.1,トカラ列島近海,29°20.0′N,129°20.8′E,22 km,2.8,震度１
2023/09/08,20:32:49.6,トカラ列島近海,29°21.0′N,129°16.9′E,25 km,2.8,震度１
2023/09/08,20:31:17.0,トカラ列島近海,29°20.1′N,129°19.6′E,25 km,2.7,震度１
2023/09/08,19:55:18.6,トカラ列島近海,29°17.8′N,129°20.6′E,21 km,2.9,震度１
2023/09/08,19:19:56.9,トカラ列島近海,29°19.6′N,129°22.4′E,18 km,2.9,震度１
2023/09/08,19:11:24.1,トカラ列島近海,29°18.8′N,129°23.7′E,18 km,2.8,震度１
2023/09/08,19:07:34.6,トカラ列島近海,29°19.8′N,129°25.1′E,14 km,2.7,震度１
2023/09/08,19:05:59.9,トカラ列島近海,29°19.9′N,129°22.3′E,20 km,2.8,震度１
2023/09/08,18:57:18.0,トカラ列島近海,29°18.7′N,129°23.6′E,16 km,2.7,震度１
2023/09/08,18:48:46.9,トカラ列島近海,29°18.1′N,129°24.7′E,15 km,3.0,震度１
2023/09/08,18:46:11.0,トカラ列島近海,29°18.9′N,129°23.7′E,15 km,2.9,震度１
2023/09/08,18:37:46.0,トカラ列島近海,29°18.3′N,129°23.0′E,15 km,3.6,震度２
2023/09/08,18:28:54.1,トカラ列島近海,29°19.7′N,129°23.4′E,19 km,2.7,震度１
2023/09/08,18:28:48.8,宮城県沖,38°54.0′N,142°06.0′E,46 km,5.4,震度４
2023/09/08,18:26:26.5,トカラ列島近海,29°17.7′N,129°20.2′E,22 km,2.7,震度１
2023/09/08,18:23:07.2,トカラ列島近海,29°21.2′N,129°19.6′E,19 km,3.1,震度１
2023/09/08,18:19:43.0,トカラ列島近海,29°20.0′N,129°22.6′E,18 km,4.0,震度３
2023/09/08,18:17:49.4,トカラ列島近海,29°18.9′N,129°23.8′E,19 km,2.6,震度１
2023/09/08,18:09:49.4,トカラ列島近海,29°19.0′N,129°23.4′E,18 km,3.0,震度１
2023/09/08,18:08:00.5,トカラ列島近海,29°18.3′N,129°26.0′E,12 km,3.0,震度１
2023/09/08,18:04:50.2,トカラ列島近海,29°19.5′N,129°22.3′E,19 km,2.7,震度１
2023/09/08,17:59:39.4,トカラ列島近海,29°18.9′N,129°20.3′E,22 km,3.2,震度１
2023/09/08,17:34:11.8,トカラ列島近海,29°19.0′N,129°17.3′E,17 km,3.2,震度２
2023/09/08,16:58:37.3,トカラ列島近海,29°16.4′N,129°25.2′E,13 km,2.5,震度１
2023/09/08,16:33:21.7,トカラ列島近海,29°17.5′N,129°16.4′E,22 km,2.7,震度１
2023/09/08,16:32:19.5,トカラ列島近海,29°19.3′N,129°23.9′E,18 km,3.5,震度２
2023/09/08,16:07:40.9,トカラ列島近海,29°18.9′N,129°24.9′E,18 km,2.5,震度１
2023/09/08,15:48:50.2,トカラ列島近海,29°19.8′N,129°23.3′E,19 km,3.0,震度１
2023/09/08,15:16:05.3,トカラ列島近海,29°16.3′N,129°22.8′E,15 km,2.8,震度１
2023/09/08,14:52:31.8,トカラ列島近海,29°19.2′N,129°22.8′E,20 km,2.4,震度１
2023/09/08,14:16:02.5,トカラ列島近海,29°17.4′N,129°19.1′E,23 km,2.8,震度１
2023/09/08,13:15:38.9,トカラ列島近海,29°18.8′N,129°19.8′E,18 km,4.4,震度３
2023/09/08,13:13:53.2,トカラ列島近海,29°21.2′N,129°19.6′E,18 km,3.0,震度１
2023/09/08,13:08:29.6,トカラ列島近海,29°20.6′N,129°17.6′E,15 km,3.0,震度１
2023/09/08,13:05:06.6,トカラ列島近海,29°18.9′N,129°18.6′E,19 km,3.5,震度２
2023/09/08,12:10:27.5,トカラ列島近海,29°17.3′N,129°22.3′E,20 km,2.5,震度１
2023/09/08,11:15:35.5,トカラ列島近海,29°18.1′N,129°20.1′E,22 km,3.7,震度３
2023/09/08,10:13:34.5,トカラ列島近海,29°17.0′N,129°21.2′E,22 km,2.3,震度１
2023/09/08,09:49:06.3,トカラ列島近海,29°17.5′N,129°21.4′E,16 km,2.9,震度２
2023/09/08,09:44:07.8,トカラ列島近海,29°19.0′N,129°17.4′E,21 km,2.8,震度１
2023/09/08,09:38:41.4,トカラ列島近海,29°18.6′N,129°11.2′E,25 km,2.7,震度１
2023/09/08,09:30:11.2,トカラ列島近海,29°19.1′N,129°14.6′E,26 km,2.7,震度１
2023/09/08,09:24:27.9,トカラ列島近海,29°22.5′N,129°15.5′E,22 km,2.6,震度１
2023/09/08,09:17:28.4,トカラ列島近海,29°19.3′N,129°16.1′E,25 km,3.6,震度２
2023/09/08,09:13:51.6,トカラ列島近海,29°18.6′N,129°21.7′E,19 km,2.8,震度１
2023/09/08,08:54:28.6,トカラ列島近海,29°18.0′N,129°20.2′E,19 km,3.5,震度２
2023/09/08,08:52:39.3,トカラ列島近海,29°18.1′N,129°20.6′E,20 km,2.6,震度１
2023/09/08,08:48:48.1,トカラ列島近海,29°19.1′N,129°15.9′E,24 km,2.4,震度１
2023/09/08,08:41:05.0,トカラ列島近海,29°18.5′N,129°20.2′E,19 km,2.8,震度１
2023/09/08,08:33:02.3,トカラ列島近海,29°15.1′N,129°17.2′E,24 km,2.3,震度１
2023/09/08,08:32:04.6,トカラ列島近海,29°18.2′N,129°21.0′E,19 km,2.9,震度２
2023/09/08,08:29:49.6,トカラ列島近海,29°18.5′N,129°16.9′E,24 km,2.5,震度１
2023/09/08,08:21:41.2,トカラ列島近海,29°19.7′N,129°13.3′E,26 km,2.3,震度１
2023/09/08,08:07:36.3,トカラ列島近海,29°20.3′N,129°13.6′E,23 km,3.5,震度３
2023/09/08,08:03:36.3,トカラ列島近海,29°18.7′N,129°13.1′E,25 km,2.8,震度１
2023/09/08,07:57:36.6,トカラ列島近海,29°17.3′N,129°21.7′E,18 km,3.4,震度２
2023/09/08,07:38:06.3,トカラ列島近海,29°18.1′N,129°20.4′E,21 km,3.0,震度２
2023/09/08,07:36:13.5,トカラ列島近海,29°19.8′N,129°13.8′E,26 km,2.4,震度１
2023/09/08,07:25:44.7,トカラ列島近海,29°18.9′N,129°18.0′E,22 km,3.4,震度２
2023/09/08,07:23:23.1,トカラ列島近海,29°18.9′N,129°15.3′E,24 km,2.8,震度１
2023/09/08,07:21:54.0,トカラ列島近海,29°17.0′N,129°18.4′E,25 km,2.8,震度１
2023/09/08,07:16:26.0,トカラ列島近海,29°18.8′N,129°20.2′E,20 km,3.2,震度２
2023/09/08,07:15:19.4,トカラ列島近海,29°17.4′N,129°20.7′E,21 km,2.8,震度１
2023/09/08,07:11:04.7,トカラ列島近海,29°18.2′N,129°23.8′E,13 km,2.9,震度１
2023/09/08,07:00:26.2,トカラ列島近海,29°19.0′N,129°18.0′E,23 km,2.9,震度１
2023/09/08,06:27:13.1,トカラ列島近海,29°19.3′N,129°13.9′E,25 km,2.8,震度１
2023/09/08,06:25:14.4,トカラ列島近海,29°19.4′N,129°16.7′E,20 km,2.9,震度１
2023/09/08,06:13:24.9,トカラ列島近海,29°17.8′N,129°21.4′E,12 km,3.0,震度１
2023/09/08,06:06:36.1,トカラ列島近海,29°18.0′N,129°21.2′E,19 km,3.2,震度３
2023/09/08,05:53:40.6,トカラ列島近海,29°16.6′N,129°20.4′E,20 km,2.4,震度１
2023/09/08,05:40:07.8,トカラ列島近海,29°18.7′N,129°20.2′E,19 km,3.3,震度２
2023/09/08,05:36:42.5,トカラ列島近海,29°18.3′N,129°21.8′E,18 km,2.6,震度１
2023/09/08,05:32:21.9,トカラ列島近海,29°20.5′N,129°12.6′E,23 km,2.4,震度１
2023/09/08,05:17:48.4,トカラ列島近海,29°17.9′N,129°22.0′E,18 km,2.6,震度１
2023/09/08,05:14:46.8,トカラ列島近海,29°16.9′N,129°21.9′E,19 km,2.7,震度１
2023/09/08,04:57:37.6,トカラ列島近海,29°17.7′N,129°22.3′E,17 km,2.8,震度１
2023/09/08,04:55:19.6,トカラ列島近海,29°17.8′N,129°21.7′E,19 km,3.9,震度３
2023/09/08,04:25:18.7,トカラ列島近海,29°18.1′N,129°22.2′E,17 km,3.2,震度２
2023/09/08,04:04:14.2,トカラ列島近海,29°17.5′N,129°21.0′E,20 km,3.2,震度２
2023/09/08,03:54:53.8,トカラ列島近海,29°18.6′N,129°20.5′E,19 km,2.8,震度１
2023/09/08,03:29:49.4,トカラ列島近海,29°19.0′N,129°23.7′E,16 km,3.0,震度２
2023/09/08,03:27:27.1,トカラ列島近海,29°17.8′N,129°20.5′E,19 km,2.7,震度２
2023/09/08,03:01:47.3,トカラ列島近海,29°17.9′N,129°20.7′E,19 km,2.7,震度１
2023/09/08,02:50:26.5,トカラ列島近海,29°18.1′N,129°20.3′E,22 km,3.9,震度３
2023/09/08,02:40:31.3,トカラ列島近海,29°17.5′N,129°21.6′E,19 km,2.4,震度１
2023/09/08,02:37:25.0,トカラ列島近海,29°21.2′N,129°12.9′E,27 km,2.7,震度１
2023/09/08,00:40:52.9,福島県沖,37°38.3′N,141°41.4′E,54 km,3.8,震度１
2023/09/08,00:37:13.0,宮古島近海,25°00.0′N,125°35.3′E,54 km,3.5,震度１
2023/09/07,19:39:32.4,五島列島近海,32°54.9′N,128°55.7′E,12 km,2.8,震度２
2023/09/07,11:58:50.8,十勝地方北部,43°28.9′N,142°57.1′E,4 km,3.0,震度１
2023/09/07,07:53:22.4,岐阜県飛騨地方,35°51.8′N,137°18.8′E,7 km,2.8,震度１
2023/09/07,07:22:58.3,福島県沖,37°31.7′N,141°19.1′E,31 km,3.3,震度１
2023/09/07,05:59:04.3,長野県中部,35°50.6′N,138°12.1′E,5 km,2.8,震度１
2023/09/06,13:13:54.2,岩手県内陸北部,40°09.8′N,141°09.3′E,7 km,1.8,震度１
2023/09/06,09:31:12.2,父島近海,26°55.2′N,142°20.6′E,62 km,不明,震度１
2023/09/05,16:52:57.8,茨城県沖,36°44.5′N,141°34.8′E,36 km,4.4,震度２
2023/09/05,13:33:05.2,千葉県北西部,35°48.0′N,140°05.9′E,68 km,4.2,震度２
2023/09/05,13:27:16.3,千葉県北西部,35°48.1′N,140°07.5′E,72 km,4.6,震度３
2023/09/05,13:07:25.2,和歌山県北部,34°02.0′N,135°14.7′E,4 km,2.3,震度２
2023/09/05,12:54:38.2,神奈川県東部,35°36.9′N,139°29.5′E,26 km,2.8,震度１
2023/09/05,11:44:12.4,千葉県北東部,35°33.4′N,140°22.5′E,54 km,3.3,震度１
2023/09/05,11:41:42.3,日向灘,32°31.3′N,132°06.7′E,29 km,3.6,震度１
2023/09/05,11:38:49.1,日向灘,32°31.4′N,132°06.6′E,30 km,3.5,震度１
2023/09/05,09:21:30.5,茨城県南部,36°03.6′N,139°56.4′E,45 km,3.2,震度２
2023/09/05,06:12:39.6,福島県沖,37°03.8′N,141°44.3′E,40 km,4.2,震度１
2023/09/05,05:49:03.8,福島県会津,37°45.9′N,140°03.6′E,7 km,2.7,震度１
2023/09/05,03:49:02.3,紀伊水道,33°48.2′N,134°53.5′E,14 km,2.9,震度１
2023/09/04,12:54:07.2,福島県沖,37°20.2′N,141°20.7′E,27 km,4.1,震度２
2023/09/04,05:47:35.0,トカラ列島近海,29°56.3′N,130°00.3′E,7 km,2.1,震度１
2023/09/04,00:16:45.0,十勝地方北部,43°28.6′N,142°57.2′E,2 km,2.9,震度１
2023/09/03,18:26:07.1,岐阜県飛騨地方,36°02.7′N,137°32.4′E,9 km,2.5,震度１
2023/09/03,18:06:58.7,茨城県北部,36°47.0′N,140°34.6′E,7 km,3.0,震度１
2023/09/03,13:28:43.3,青森県東方沖,41°05.8′N,142°55.8′E,26 km,4.1,震度１
2023/09/03,08:51:33.2,宮城県沖,38°44.5′N,141°58.8′E,54 km,3.5,震度１
2023/09/03,00:03:05.6,釧路地方中南部,43°04.1′N,144°17.9′E,99 km,4.1,震度２
2023/09/02,23:04:39.3,能登半島沖,37°31.0′N,137°12.7′E,13 km,3.4,震度２
2023/09/02,10:48:16.0,奄美大島近海,28°05.4′N,129°29.4′E,38 km,3.3,震度１
2023/08/31,23:56:20.4,岩手県沖,39°55.8′N,142°24.7′E,37 km,3.4,震度１
2023/08/31,15:05:47.9,福島県沖,37°39.7′N,141°33.8′E,82 km,4.1,震度２
2023/08/31,06:17:18.6,福島県沖,37°44.8′N,141°43.6′E,55 km,4.6,震度２
2023/08/31,03:17:48.6,鹿児島県薩摩地方,32°06.3′N,130°41.7′E,173 km,4.1,震度１
2023/08/30,20:11:40.6,山梨県東部・富士五湖,35°31.2′N,139°05.3′E,22 km,3.1,震度１
2023/08/30,19:59:24.3,京都府南部,35°14.9′N,135°19.1′E,11 km,2.8,震度１
2023/08/30,17:35:25.9,宮城県沖,38°10.1′N,141°12.3′E,66 km,3.4,震度１
2023/08/30,17:17:21.8,青森県三八上北地方,40°50.3′N,141°23.9′E,88 km,3.5,震度１
2023/08/30,11:47:11.7,石川県能登地方,37°27.8′N,137°15.7′E,9 km,2.1,震度１
2023/08/29,21:37:13.9,千葉県北東部,35°44.0′N,140°37.0′E,50 km,3.3,震度１
2023/08/29,19:38:37.8,トカラ列島近海,29°47.1′N,129°50.1′E,10 km,2.3,震度１
2023/08/29,17:43:00.4,鹿児島県薩摩地方,31°55.2′N,130°51.4′E,1 km,2.2,震度１
2023/08/29,15:38:16.9,奄美大島近海,28°18.4′N,129°12.0′E,9 km,3.1,震度１
2023/08/29,08:09:50.6,富山県東部,36°24.6′N,137°35.8′E,0 km,2.5,震度１
2023/08/28,18:08:33.3,福島県沖,37°08.2′N,142°18.4′E,11 km,5.0,震度２
2023/08/28,18:00:14.1,宮崎県南部平野部,31°38.6′N,131°17.9′E,56 km,3.5,震度１
2023/08/28,04:29:12.5,福島県沖,37°31.6′N,141°19.0′E,30 km,4.1,震度２
2023/08/27,22:56:19.9,群馬県南部,36°36.0′N,139°22.7′E,5 km,3.4,震度２
2023/08/27,18:43:17.5,種子島近海,30°30.8′N,130°55.5′E,10 km,2.4,震度１
2023/08/27,15:47:09.5,茨城県沖,36°25.7′N,140°38.4′E,16 km,3.0,震度１
2023/08/27,09:56:49.2,千葉県東方沖,35°30.9′N,140°53.9′E,37 km,4.6,震度２
2023/08/26,23:39:14.2,宮崎県北部平野部,32°08.0′N,131°28.5′E,19 km,2.5,震度１
2023/08/26,22:29:33.6,周防灘,33°55.5′N,131°53.2′E,74 km,4.6,震度３
2023/08/26,07:02:12.2,茨城県北部,36°31.7′N,140°34.3′E,58 km,3.6,震度２
2023/08/26,04:24:17.6,岐阜県飛騨地方,36°04.9′N,137°32.7′E,4 km,2.7,震度１
2023/08/25,19:11:54.5,三陸沖,39°29.3′N,143°21.3′E,15 km,4.4,震度１
2023/08/25,07:48:24.3,三陸沖,39°29.2′N,143°20.3′E,15 km,6.0,震度３
2023/08/25,06:58:22.1,トカラ列島近海,29°54.7′N,129°59.2′E,10 km,2.4,震度１
2023/08/25,06:53:47.2,トカラ列島近海,29°54.4′N,129°59.3′E,11 km,2.5,震度１
2023/08/25,06:40:33.5,トカラ列島近海,29°54.6′N,129°59.3′E,11 km,2.1,震度１
2023/08/24,20:05:05.3,宮城県沖,38°47.0′N,141°36.8′E,69 km,3.7,震度１
2023/08/24,13:58:07.6,長崎県南西部,32°55.1′N,129°57.1′E,14 km,2.0,震度１
2023/08/24,13:49:47.3,福島県会津,37°04.3′N,139°21.7′E,8 km,2.2,震度１
2023/08/24,10:59:44.1,宗谷地方北部,45°02.8′N,141°53.0′E,0 km,1.6,震度１
2023/08/24,09:45:46.6,能登半島沖,37°30.8′N,137°09.5′E,10 km,2.5,震度１
2023/08/24,02:42:46.1,群馬県南部,36°17.7′N,139°09.3′E,84 km,3.0,震度１
2023/08/24,01:27:26.5,福島県沖,36°56.1′N,141°15.9′E,16 km,3.7,震度１
2023/08/24,00:50:13.1,奈良県,33°53.9′N,135°38.2′E,43 km,3.4,震度２
2023/08/23,08:28:18.8,茨城県北部,36°43.3′N,140°38.1′E,6 km,2.7,震度１
2023/08/23,00:03:46.7,岩手県沖,40°11.5′N,141°55.1′E,15 km,4.7,震度３
2023/08/22,22:17:01.7,山梨県東部・富士五湖,35°32.4′N,138°56.4′E,21 km,2.8,震度１
2023/08/22,14:37:02.1,福島県沖,37°47.3′N,141°36.5′E,56 km,3.9,震度１
2023/08/22,13:38:45.9,岩手県沿岸北部,39°30.9′N,141°40.4′E,63 km,3.3,震度１
2023/08/22,08:30:04.5,群馬県南部,36°28.3′N,139°23.6′E,6 km,3.0,震度２
2023/08/22,02:41:35.7,宮城県沖,38°15.1′N,141°47.6′E,58 km,4.2,震度２
2023/08/21,21:27:13.8,石川県能登地方,37°28.5′N,137°18.2′E,8 km,2.1,震度１
2023/08/21,20:47:02.9,沖縄本島近海,27°19.4′N,128°59.3′E,28 km,4.0,震度２
2023/08/21,19:04:43.7,十勝地方中部,42°42.2′N,142°59.0′E,116 km,4.3,震度２
2023/08/21,15:24:09.5,能登半島沖,37°29.0′N,137°22.3′E,4 km,2.9,震度１
2023/08/21,00:25:59.6,岐阜県美濃中西部,35°32.8′N,136°45.5′E,16 km,2.8,震度１
2023/08/20,19:12:00.3,栃木県北部,36°48.7′N,140°01.0′E,100 km,3.5,震度１
2023/08/20,10:27:28.4,福井県嶺北,35°54.4′N,136°41.6′E,11 km,2.9,震度１
2023/08/20,06:16:03.1,トカラ列島近海,29°56.1′N,129°59.8′E,11 km,2.0,震度１
2023/08/19,23:21:10.8,国後島付近,43°35.6′N,146°06.5′E,76 km,4.5,震度３
2023/08/19,17:15:58.2,福井県嶺北,35°54.1′N,136°41.9′E,11 km,2.5,震度１
2023/08/19,17:11:23.9,熊本県熊本地方,32°33.9′N,130°37.6′E,12 km,2.7,震度１
2023/08/19,14:07:01.9,福井県嶺北,35°54.2′N,136°41.6′E,10 km,4.3,震度３
2023/08/19,03:33:05.3,十勝地方南部,42°21.1′N,143°05.8′E,51 km,5.1,震度３
2023/08/19,03:22:23.5,岩手県沖,39°38.2′N,142°06.0′E,47 km,3.9,震度２
2023/08/18,07:00:00.3,能登半島沖,37°31.9′N,137°13.2′E,9 km,3.0,震度１
2023/08/17,20:51:58.1,日向灘,32°40.7′N,132°00.8′E,40 km,3.5,震度２
2023/08/17,11:32:28.8,豊後水道,32°48.2′N,132°25.4′E,34 km,3.5,震度１
2023/08/16,22:59:18.0,宮城県沖,38°00.3′N,141°48.9′E,55 km,4.1,震度２
2023/08/16,22:29:32.7,岩手県沿岸北部,39°45.6′N,141°50.6′E,58 km,4.2,震度２
2023/08/16,19:25:43.2,石川県能登地方,37°28.7′N,137°17.9′E,8 km,3.0,震度２
2023/08/16,17:56:31.6,福島県沖,37°49.8′N,141°39.8′E,54 km,3.8,震度１
2023/08/16,14:47:11.9,奈良県,34°11.8′N,135°47.8′E,59 km,3.0,震度１
2023/08/16,02:07:31.0,宮古島近海,24°50.1′N,125°23.5′E,46 km,4.6,震度３
2023/08/15,20:26:28.5,トカラ列島近海,29°55.3′N,130°00.2′E,11 km,2.1,震度１
2023/08/15,09:08:40.7,宮城県沖,38°54.8′N,141°40.5′E,64 km,3.7,震度２
2023/08/15,01:14:32.5,岐阜県飛騨地方,36°00.3′N,137°31.4′E,9 km,2.2,震度１
2023/08/13,09:38:24.2,宗谷地方北部,45°03.2′N,141°52.5′E,0 km,2.6,震度２
2023/08/12,23:30:28.1,宗谷地方北部,45°03.3′N,141°52.4′E,0 km,3.0,震度２
2023/08/12,19:40:55.3,四国沖,32°43.5′N,132°50.8′E,27 km,3.3,震度１
2023/08/12,13:24:24.1,奄美大島北東沖,29°20.4′N,130°36.3′E,22 km,4.3,震度１
2023/08/12,04:11:15.5,茨城県沖,36°23.2′N,141°08.6′E,39 km,3.1,震度１
2023/08/12,03:09:32.7,愛知県西部,34°54.8′N,137°17.6′E,39 km,3.9,震度２
2023/08/11,23:42:42.2,トカラ列島近海,29°55.4′N,130°00.4′E,7 km,1.9,震度１
2023/08/11,22:20:08.9,宮城県沖,38°40.7′N,142°22.0′E,58 km,4.7,震度３
2023/08/11,13:34:09.6,トカラ列島近海,29°55.6′N,130°01.6′E,11 km,2.4,震度１
2023/08/11,09:34:12.4,青森県東方沖,41°08.3′N,142°55.5′E,27 km,4.2,震度１
2023/08/11,09:14:34.1,青森県東方沖,41°07.5′N,142°54.7′E,28 km,6.2,震度４
2023/08/11,01:24:43.9,日向灘,32°45.1′N,132°04.6′E,38 km,3.1,震度１
2023/08/10,23:18:05.6,広島県北部,34°50.4′N,132°53.7′E,15 km,3.2,震度１
2023/08/10,12:27:42.4,福島県沖,37°13.2′N,141°27.5′E,44 km,3.7,震度１
2023/08/10,04:42:13.6,栃木県北部,36°38.9′N,139°27.5′E,5 km,2.7,震度１
2023/08/09,20:41:49.0,千葉県東方沖,35°08.4′N,140°36.5′E,53 km,4.1,震度２
2023/08/09,12:48:47.6,千葉県東方沖,35°45.8′N,140°52.2′E,10 km,3.3,震度２
2023/08/09,05:48:53.2,トカラ列島近海,29°55.0′N,130°03.5′E,12 km,3.2,震度１
2023/08/09,02:43:11.0,宮城県沖,37°58.0′N,141°48.0′E,61 km,4.3,震度２
2023/08/08,23:01:20.8,日向灘,32°12.8′N,132°04.0′E,27 km,3.8,震度２
2023/08/08,04:51:03.1,熊本県熊本地方,32°46.0′N,130°46.1′E,8 km,2.2,震度１
2023/08/07,13:48:18.6,福島県沖,37°14.0′N,142°14.1′E,22 km,4.7,震度１
2023/08/07,13:04:13.5,豊後水道,32°49.5′N,132°21.3′E,35 km,3.2,震度１
2023/08/07,08:18:19.6,トカラ列島近海,29°58.2′N,129°58.9′E,11 km,2.9,震度２
2023/08/07,05:31:22.5,和歌山県北部,34°15.5′N,135°25.7′E,6 km,3.0,震度２
2023/08/07,04:40:26.2,石川県能登地方,37°30.9′N,137°13.9′E,14 km,2.6,震度１
2023/08/07,03:32:21.5,大隅半島東方沖,30°46.6′N,131°30.2′E,37 km,4.7,震度３
2023/08/07,03:12:44.4,大隅半島東方沖,30°46.0′N,131°28.7′E,43 km,5.4,震度３
2023/08/06,12:04:05.6,奄美大島近海,27°53.4′N,128°54.9′E,10 km,3.6,震度１
2023/08/06,07:25:25.5,和歌山県北部,34°15.5′N,135°25.8′E,6 km,2.2,震度１
2023/08/05,20:26:33.3,トカラ列島近海,29°56.2′N,130°00.8′E,10 km,2.3,震度１
2023/08/05,12:50:39.5,福島県会津,37°04.5′N,139°21.3′E,8 km,1.9,震度１
2023/08/05,04:27:38.6,茨城県北部,36°45.8′N,140°43.7′E,92 km,3.8,震度２
2023/08/05,04:21:38.1,紀伊水道,33°58.8′N,134°43.2′E,43 km,3.4,震度１
2023/08/04,22:36:23.7,富山湾,37°25.5′N,137°19.2′E,4 km,1.8,震度１
2023/08/04,03:23:18.3,トカラ列島近海,29°56.8′N,130°01.2′E,11 km,2.2,震度１
2023/08/04,00:55:46.5,島根県東部,35°20.9′N,133°17.9′E,9 km,2.5,震度１
2023/08/03,21:06:02.3,能登半島沖,37°35.9′N,137°20.5′E,10 km,3.4,震度１
2023/08/02,19:28:07.2,宗谷地方南部,44°57.8′N,142°35.2′E,5 km,2.4,震度１
2023/08/02,11:11:32.2,広島県北部,35°02.1′N,133°05.5′E,11 km,2.6,震度１
2023/08/02,08:14:05.7,茨城県北部,36°46.1′N,140°33.8′E,9 km,3.4,震度１
2023/08/02,08:07:54.9,茨城県北部,36°45.9′N,140°34.1′E,9 km,3.2,震度１
2023/08/02,02:46:24.7,岩手県内陸南部,39°02.9′N,140°53.1′E,8 km,3.1,震度１
2023/08/02,00:36:04.8,新潟県上越地方,37°01.7′N,138°23.3′E,14 km,2.7,震度１
2023/08/02,00:26:15.0,宮城県沖,38°47.6′N,141°37.7′E,70 km,3.7,震度１
2023/08/01,22:07:20.2,秋田県内陸北部,40°12.7′N,140°36.4′E,121 km,4.5,震度１
2023/08/01,21:05:56.2,福島県沖,37°31.7′N,141°17.4′E,22 km,3.9,震度１
2023/08/01,17:38:23.6,福島県沖,36°58.4′N,141°49.6′E,68 km,4.3,震度２
2023/08/01,06:39:00.2,福島県会津,37°04.4′N,139°21.6′E,8 km,1.9,震度１
2023/08/01,06:12:48.1,三陸沖,39°33.5′N,143°25.7′E,12 km,4.8,震度１
2023/08/01,06:08:16.3,茨城県南部,36°09.4′N,139°49.9′E,52 km,3.3,震度１
2023/07/31,20:55:58.3,茨城県北部,36°46.3′N,140°34.3′E,8 km,3.6,震度２
2023/07/31,20:08:52.1,山梨県中・西部,35°15.5′N,138°27.4′E,17 km,2.4,震度１
2023/07/31,20:07:55.2,山梨県中・西部,35°15.5′N,138°27.2′E,17 km,2.3,震度１
2023/07/31,03:39:11.0,岩手県内陸北部,40°11.5′N,141°07.9′E,7 km,1.9,震度１
2023/07/30,11:17:46.7,福島県沖,37°40.6′N,141°40.1′E,54 km,4.0,震度１
2023/07/30,06:02:08.1,釧路地方北部,43°40.2′N,144°27.4′E,0 km,2.7,震度２
2023/07/30,03:10:49.6,石川県能登地方,37°27.7′N,137°15.3′E,10 km,3.2,震度３
2023/07/29,19:34:12.2,茨城県南部,36°20.8′N,139°57.5′E,77 km,4.6,震度３
2023/07/29,14:31:34.0,岩手県沿岸南部,39°11.8′N,141°41.0′E,64 km,3.4,震度１
2023/07/29,12:22:39.0,沖縄本島近海,26°47.1′N,128°25.2′E,31 km,3.1,震度１
2023/07/28,18:03:24.7,橘湾,32°45.4′N,130°09.7′E,10 km,2.9,震度２
2023/07/28,17:33:24.3,千葉県北西部,35°41.3′N,140°07.8′E,70 km,3.2,震度１
2023/07/28,16:44:36.5,十勝沖,41°24.2′N,144°22.6′E,30 km,4.6,震度１
2023/07/28,16:41:32.7,橘湾,32°45.5′N,130°09.8′E,10 km,3.4,震度２
2023/07/28,14:55:36.6,新島・神津島近海,34°21.6′N,139°14.8′E,2 km,1.9,震度１
2023/07/28,07:59:50.2,長野県南部,35°52.3′N,138°08.1′E,10 km,3.5,震度１
2023/07/27,22:57:49.1,種子島近海,30°34.7′N,131°19.4′E,37 km,3.2,震度１
2023/07/27,20:06:55.8,北海道東方沖,43°59.6′N,147°37.0′E,85 km,5.2,震度２
2023/07/27,16:42:22.2,愛知県西部,35°10.2′N,137°21.1′E,45 km,3.1,震度１
2023/07/27,14:02:32.4,茨城県南部,36°04.5′N,139°52.2′E,46 km,3.7,震度２
2023/07/27,12:35:50.5,日向灘,32°00.8′N,131°34.3′E,41 km,2.9,震度１
2023/07/26,22:18:10.3,大隅半島東方沖,31°16.3′N,131°32.1′E,38 km,3.2,震度１
2023/07/26,21:37:00.7,隠岐島近海,36°37.6′N,132°44.7′E,37 km,4.5,震度２
2023/07/26,17:31:28.9,種子島近海,30°20.0′N,131°03.6′E,22 km,3.3,震度１
2023/07/26,14:59:26.1,日向灘,32°00.0′N,131°40.6′E,42 km,4.4,震度３
2023/07/26,10:54:36.9,鹿児島湾,31°33.8′N,130°37.1′E,4 km,3.1,震度２
2023/07/25,18:01:54.0,有明海,32°44.8′N,130°35.5′E,11 km,3.2,震度１
2023/07/25,06:35:33.3,宮城県沖,38°40.1′N,141°50.4′E,68 km,3.8,震度１
2023/07/24,22:15:46.4,茨城県南部,36°10.6′N,140°15.8′E,45 km,3.0,震度１
2023/07/24,15:42:05.1,徳島県南部,33°53.6′N,134°29.8′E,33 km,2.8,震度１
2023/07/24,15:36:59.1,宮城県沖,38°17.5′N,141°33.1′E,64 km,4.1,震度２
2023/07/24,13:02:05.4,茨城県南部,35°59.5′N,140°04.6′E,68 km,4.2,震度３
2023/07/24,10:16:55.0,八丈島東方沖,32°58.8′N,140°45.9′E,56 km,4.3,震度１
2023/07/23,12:36:38.4,茨城県沖,36°36.3′N,140°57.0′E,86 km,3.8,震度２
2023/07/23,10:28:54.8,長野県北部,36°47.7′N,138°06.0′E,6 km,2.7,震度１
2023/07/23,08:09:32.7,奄美大島近海,27°59.5′N,129°11.6′E,26 km,3.5,震度１
2023/07/23,02:28:50.7,日向灘,32°37.6′N,132°13.2′E,37 km,3.0,震度１
2023/07/22,23:11:10.0,茨城県沖,36°23.9′N,141°08.3′E,39 km,3.2,震度１
2023/07/22,21:14:27.0,日向灘,32°36.9′N,132°13.6′E,37 km,5.0,震度４
2023/07/22,16:00:49.4,長野県南部,35°52.9′N,137°25.9′E,6 km,2.9,震度１
2023/07/22,13:44:30.4,長野県南部,35°52.8′N,137°25.9′E,6 km,3.6,震度２
2023/07/22,10:52:28.7,茨城県沖,36°26.4′N,140°41.3′E,52 km,4.8,震度４
2023/07/22,01:37:53.8,福島県中通り,37°10.2′N,140°06.9′E,7 km,2.6,震度１
2023/07/21,21:44:03.0,長野県北部,36°30.6′N,137°46.4′E,1 km,1.7,震度１
2023/07/21,20:40:45.8,福島県沖,37°40.0′N,141°32.6′E,52 km,3.9,震度１
2023/07/21,07:43:24.5,山梨県東部・富士五湖,35°32.8′N,138°56.7′E,30 km,2.4,震度１
2023/07/21,03:16:44.6,群馬県南部,36°26.4′N,139°11.5′E,14 km,2.5,震度１
2023/07/20,16:53:56.5,福島県沖,37°38.0′N,141°49.3′E,31 km,4.3,震度１
2023/07/20,13:08:11.7,千葉県北東部,35°43.2′N,140°43.3′E,50 km,4.4,震度３
2023/07/20,12:51:26.0,長野県南部,35°56.2′N,137°46.6′E,9 km,2.8,震度１
2023/07/20,09:44:01.9,トカラ列島近海,29°56.3′N,130°00.9′E,11 km,2.6,震度１
2023/07/20,04:51:19.7,大分県中部,33°17.3′N,131°29.0′E,5 km,2.0,震度１
2023/07/20,04:42:28.3,長野県南部,35°56.1′N,137°46.4′E,9 km,3.7,震度２
2023/07/20,03:48:53.1,大分県中部,33°17.3′N,131°28.9′E,5 km,1.9,震度１
2023/07/20,02:11:16.0,紀伊水道,34°13.1′N,135°07.4′E,7 km,2.7,震度２
2023/07/20,00:16:13.3,石川県能登地方,37°29.7′N,137°11.9′E,12 km,2.7,震度１
2023/07/20,00:08:29.8,鹿児島県薩摩地方,31°31.8′N,130°21.1′E,2 km,2.3,震度１
2023/07/19,22:40:13.6,福島県沖,37°50.3′N,141°36.2′E,50 km,4.1,震度２
2023/07/19,19:56:06.5,石川県能登地方,37°27.6′N,137°07.9′E,12 km,3.2,震度１
2023/07/19,01:29:57.6,能登半島沖,37°32.3′N,137°12.5′E,9 km,2.6,震度１
2023/07/18,20:00:54.7,福島県沖,36°51.7′N,140°53.0′E,57 km,3.7,震度１
2023/07/18,07:33:22.9,福島県沖,37°25.9′N,141°26.8′E,33 km,3.7,震度２
2023/07/17,10:22:41.0,上川地方南部,43°00.2′N,142°19.8′E,0 km,2.5,震度１
2023/07/17,09:37:11.9,十勝地方中部,42°47.2′N,143°21.4′E,111 km,4.5,震度３
2023/07/17,08:03:20.0,和歌山県北部,34°11.6′N,135°11.2′E,5 km,2.6,震度１
2023/07/17,04:42:02.7,父島近海,27°01.2′N,142°32.8′E,74 km,4.0,震度１
2023/07/17,01:19:25.2,能登半島沖,37°32.2′N,137°11.8′E,8 km,3.2,震度２
2023/07/16,21:54:55.7,能登半島沖,37°35.8′N,137°20.2′E,9 km,3.8,震度２
2023/07/16,19:55:42.8,熊本県熊本地方,32°36.3′N,130°43.5′E,6 km,2.0,震度１
2023/07/16,19:47:53.1,熊本県熊本地方,32°55.1′N,130°33.1′E,7 km,2.4,震度１
2023/07/16,17:36:19.1,和歌山県北部,34°11.5′N,135°11.2′E,5 km,2.0,震度１
2023/07/16,14:22:05.7,奈良県,34°05.4′N,135°35.5′E,64 km,4.0,震度２
2023/07/16,13:59:08.2,能登半島沖,37°10.4′N,136°38.0′E,7 km,2.5,震度１
2023/07/16,13:43:52.6,和歌山県北部,34°11.5′N,135°11.0′E,5 km,2.2,震度１
2023/07/15,21:49:21.2,トカラ列島近海,29°55.5′N,130°01.7′E,14 km,2.8,震度２
2023/07/15,14:40:11.8,熊本県熊本地方,32°55.0′N,130°33.0′E,7 km,2.6,震度１
2023/07/14,20:37:11.7,新潟県中越地方,37°17.3′N,138°51.3′E,12 km,2.2,震度１
2023/07/14,16:47:28.2,能登半島沖,37°30.1′N,137°22.4′E,4 km,3.1,震度１
2023/07/14,01:01:52.5,茨城県南部,36°15.8′N,140°03.8′E,55 km,3.2,震度１
2023/07/13,16:01:58.3,石川県能登地方,37°31.3′N,137°19.3′E,13 km,2.5,震度１
2023/07/13,13:43:53.9,岩手県沖,40°02.1′N,142°43.3′E,34 km,5.0,震度２
2023/07/13,05:41:20.2,岩手県沖,40°20.3′N,142°02.2′E,52 km,3.7,震度１
2023/07/12,23:57:22.3,能登半島沖,37°30.7′N,137°22.2′E,4 km,3.6,震度２
2023/07/12,13:46:30.4,奄美大島近海,28°07.8′N,129°30.5′E,35 km,2.9,震度１
2023/07/12,06:08:27.0,栃木県南部,36°24.9′N,139°45.9′E,86 km,3.0,震度１
2023/07/11,19:30:42.6,岐阜県飛騨地方,36°21.9′N,137°37.5′E,2 km,2.5,震度１
2023/07/11,10:59:35.5,長野県南部,35°50.6′N,137°40.5′E,6 km,2.2,震度１
2023/07/11,08:32:18.8,奄美大島近海,28°18.4′N,129°18.2′E,18 km,2.9,震度１
2023/07/10,22:10:25.8,千葉県北東部,35°42.4′N,140°38.6′E,50 km,3.1,震度１
2023/07/10,21:25:48.4,福島県浜通り,37°01.8′N,140°57.7′E,73 km,4.0,震度２
2023/07/10,20:12:39.4,群馬県南部,36°15.8′N,139°18.8′E,112 km,3.3,震度１
2023/07/10,10:40:51.4,千葉県北東部,35°42.4′N,140°39.2′E,50 km,4.0,震度２
2023/07/10,09:02:33.9,駿河湾,34°39.4′N,138°31.6′E,28 km,3.3,震度１
2023/07/10,07:31:51.0,栃木県南部,36°35.2′N,139°31.7′E,6 km,3.1,震度１
2023/07/10,04:52:22.7,千葉県北東部,35°39.6′N,140°25.1′E,66 km,4.5,震度２
2023/07/09,21:56:07.5,茨城県沖,36°14.2′N,140°56.9′E,44 km,3.5,震度１
2023/07/09,20:44:03.8,千葉県南東沖,34°57.8′N,140°20.5′E,73 km,3.8,震度１
2023/07/09,04:22:04.7,有明海,32°48.1′N,130°33.1′E,12 km,3.0,震度１
2023/07/09,03:35:34.0,秋田県内陸北部,40°25.5′N,140°37.7′E,4 km,1.7,震度１
2023/07/08,21:36:06.2,能登半島沖,37°31.2′N,137°13.4′E,13 km,4.0,震度３
2023/07/08,16:00:25.8,十勝地方中部,42°49.2′N,143°47.4′E,36 km,2.9,震度１
2023/07/08,13:37:44.0,宮城県沖,38°54.0′N,142°23.9′E,48 km,4.1,震度２
2023/07/08,13:35:04.1,熊本県阿蘇地方,32°54.4′N,131°02.6′E,6 km,2.4,震度１
2023/07/08,11:19:02.1,石川県能登地方,37°30.3′N,137°13.6′E,12 km,2.9,震度１
2023/07/08,03:31:42.5,佐渡付近,37°47.1′N,138°24.4′E,21 km,3.5,震度１
2023/07/07,22:44:52.2,十勝地方北部,43°30.5′N,143°47.1′E,8 km,3.0,震度１
2023/07/07,13:59:11.8,岩手県沖,40°16.7′N,142°27.8′E,35 km,3.9,震度１
2023/07/07,13:50:58.1,滋賀県北部,35°35.3′N,136°18.5′E,38 km,2.8,震度１
2023/07/07,06:59:10.4,根室半島南東沖,43°24.8′N,146°08.1′E,60 km,3.7,震度２
2023/07/07,01:43:48.6,上川地方中部,43°35.4′N,142°29.2′E,7 km,1.3,震度１
2023/07/07,00:32:31.2,群馬県南部,36°21.3′N,139°09.1′E,16 km,2.4,震度１
2023/07/06,18:57:23.1,奈良県,34°12.3′N,135°55.1′E,48 km,3.4,震度１
2023/07/06,01:49:50.8,日高地方中部,42°26.5′N,142°36.4′E,23 km,4.3,震度２
2023/07/06,01:43:16.9,和歌山県北部,34°06.0′N,135°10.9′E,6 km,2.3,震度１
2023/07/05,01:32:06.9,小笠原諸島西方沖,28°41.4′N,139°41.9′E,454 km,5.5,震度１
2023/07/03,16:44:41.8,長野県北部,36°40.2′N,138°13.3′E,7 km,3.0,震度２
2023/07/03,15:22:51.7,熊本県熊本地方,33°00.8′N,130°34.5′E,10 km,2.5,震度１
2023/07/03,13:34:42.5,長野県北部,36°40.2′N,138°13.2′E,8 km,3.1,震度２
2023/07/03,09:36:01.7,和歌山県北部,34°01.7′N,135°15.3′E,5 km,2.0,震度１
2023/07/03,03:09:56.1,熊本県熊本地方,32°28.2′N,130°38.1′E,9 km,3.1,震度１
2023/07/02,23:53:33.4,福井県嶺北,35°54.2′N,136°41.7′E,10 km,3.0,震度１
2023/07/02,21:58:15.7,紀伊水道,34°09.3′N,135°05.2′E,9 km,3.3,震度２
2023/07/02,21:49:54.9,茨城県沖,36°05.1′N,141°05.2′E,38 km,3.4,震度１
2023/07/02,16:30:23.3,新潟県中越地方,37°05.8′N,138°38.6′E,9 km,2.0,震度１
2023/07/02,04:16:51.1,兵庫県南東部,34°57.1′N,135°22.3′E,7 km,2.4,震度１
2023/07/02,02:57:12.5,兵庫県南東部,34°57.1′N,135°22.3′E,6 km,3.3,震度２
2023/07/01,23:38:54.8,千葉県東方沖,35°33.2′N,140°59.2′E,36 km,4.9,震度２
2023/07/01,02:57:17.9,宮古島近海,24°17.8′N,124°55.8′E,56 km,4.2,震度２
2023/07/01,00:17:54.7,石川県能登地方,37°31.7′N,137°19.1′E,13 km,2.5,震度１
2023/06/30,18:28:22.8,広島県北部,34°48.3′N,132°34.2′E,16 km,2.9,震度１
2023/06/30,15:52:24.0,和歌山県北部,33°50.4′N,135°18.4′E,50 km,3.1,震度１
2023/06/30,14:56:45.3,長野県北部,36°32.8′N,137°47.2′E,1 km,2.0,震度１
2023/06/30,14:23:38.1,茨城県沖,36°38.7′N,140°55.9′E,49 km,4.0,震度３
2023/06/30,13:46:13.6,日向灘,32°42.3′N,132°02.0′E,40 km,3.3,震度１
2023/06/30,10:46:32.7,沖縄本島近海,26°12.0′N,126°32.6′E,77 km,3.5,震度１
2023/06/30,07:09:06.7,和歌山県北部,34°13.4′N,135°28.3′E,7 km,2.6,震度１
2023/06/30,00:48:05.4,茨城県沖,36°31.6′N,140°41.8′E,55 km,3.9,震度２
2023/06/29,22:20:32.3,石垣島近海,24°50.6′N,124°10.6′E,79 km,3.7,震度１
2023/06/29,20:01:09.5,奄美大島近海,28°19.7′N,129°26.8′E,27 km,3.1,震度２
2023/06/29,02:27:34.8,京都府南部,35°01.1′N,135°34.9′E,8 km,1.9,震度１
2023/06/28,17:22:40.6,上川地方北部,44°53.0′N,142°06.8′E,7 km,3.1,震度２
2023/06/28,15:02:10.1,茨城県北部,36°23.5′N,140°34.0′E,54 km,2.8,震度１
2023/06/28,14:25:36.9,日高地方東部,42°16.5′N,142°45.2′E,31 km,3.4,震度２
2023/06/28,13:27:05.3,千葉県東方沖,35°40.6′N,141°24.8′E,8 km,4.2,震度１
2023/06/28,12:08:09.2,千葉県東方沖,35°41.5′N,141°25.0′E,9 km,4.5,震度２
2023/06/28,08:38:18.2,日本海北部,42°09.4′N,134°28.0′E,518 km,6.3,震度３
2023/06/28,00:55:21.3,能登半島沖,37°28.9′N,137°22.8′E,4 km,3.3,震度２
2023/06/27,23:28:03.2,鹿児島湾,31°40.9′N,130°45.7′E,6 km,2.0,震度１
2023/06/27,03:24:39.2,岐阜県飛騨地方,36°13.9′N,137°07.0′E,8 km,2.4,震度１
2023/06/26,01:49:35.4,岩手県沖,39°06.1′N,142°07.4′E,45 km,3.3,震度１
2023/06/25,23:52:44.9,長野県北部,36°32.9′N,137°46.8′E,0 km,3.0,震度２
2023/06/25,18:17:50.9,福島県沖,37°31.7′N,141°23.6′E,52 km,3.7,震度１
2023/06/25,17:46:29.5,岩手県沖,40°09.0′N,142°01.1′E,61 km,3.7,震度１
2023/06/25,09:07:37.8,岐阜県飛騨地方,35°59.8′N,137°31.8′E,10 km,3.2,震度２
2023/06/24,22:50:10.3,長野県北部,36°33.2′N,137°46.4′E,1 km,2.6,震度１
2023/06/24,21:24:28.1,福島県浜通り,37°06.7′N,140°52.5′E,98 km,3.4,震度１
2023/06/24,20:39:18.7,宮城県沖,38°28.0′N,142°05.0′E,57 km,3.8,震度１
2023/06/24,09:58:31.1,福島県沖,37°17.1′N,141°48.6′E,40 km,5.0,震度３
2023/06/24,04:04:32.0,静岡県西部,34°59.8′N,137°49.0′E,11 km,2.8,震度１
2023/06/24,02:39:13.3,宗谷東方沖,45°42.2′N,143°11.0′E,338 km,5.8,震度２
2023/06/24,00:43:29.6,硫黄島近海,25°24.9′N,141°32.7′E,124 km,4.9,震度１
2023/06/23,20:07:12.7,長野県北部,36°34.2′N,137°52.0′E,8 km,2.1,震度１
2023/06/23,11:57:08.7,和歌山県北部,34°01.8′N,135°15.2′E,5 km,2.3,震度１
2023/06/23,07:06:22.8,和歌山県北部,34°05.7′N,135°09.6′E,4 km,2.3,震度１
2023/06/22,21:47:24.9,トカラ列島近海,29°56.8′N,129°59.0′E,12 km,3.2,震度２
2023/06/22,19:30:39.0,空知地方南部,43°04.9′N,141°57.6′E,157 km,4.6,震度２
2023/06/22,18:31:39.7,茨城県沖,36°38.6′N,140°54.1′E,50 km,3.8,震度２
2023/06/22,16:39:47.2,青森県東方沖,41°35.0′N,142°05.4′E,55 km,4.1,震度３
2023/06/22,10:24:18.5,沖縄本島近海,26°24.7′N,127°54.5′E,39 km,5.2,震度３
2023/06/22,01:07:43.4,トカラ列島近海,29°56.9′N,129°59.3′E,11 km,3.1,震度１
2023/06/21,17:45:53.2,東京湾,35°37.4′N,139°54.4′E,69 km,3.4,震度１
2023/06/21,15:55:33.2,石川県能登地方,37°30.8′N,137°12.4′E,9 km,2.7,震度１
2023/06/21,09:21:05.1,愛知県西部,35°13.6′N,137°15.5′E,44 km,3.4,震度２
2023/06/21,06:21:59.1,岩手県沖,39°05.6′N,142°12.5′E,42 km,3.7,震度１
2023/06/21,06:17:28.0,愛知県西部,35°05.5′N,137°03.3′E,41 km,3.1,震度１
2023/06/21,01:10:24.3,岩手県内陸南部,39°03.9′N,140°52.4′E,8 km,3.3,震度１
2023/06/21,00:10:33.0,福島県会津,37°03.0′N,139°20.2′E,7 km,2.2,震度１
2023/06/20,20:10:33.1,長野県北部,36°33.1′N,137°46.6′E,1 km,4.0,震度３
2023/06/20,18:25:02.4,宮城県沖,38°32.3′N,141°44.2′E,53 km,3.7,震度１
2023/06/20,10:53:11.3,トカラ列島近海,29°55.9′N,130°01.2′E,12 km,3.0,震度２
2023/06/20,08:47:11.1,大隅半島東方沖,31°15.8′N,131°37.7′E,27 km,3.9,震度１
2023/06/20,08:44:40.8,埼玉県南部,35°51.0′N,139°36.8′E,59 km,3.7,震度２
2023/06/19,13:50:46.0,十勝地方南部,42°29.4′N,143°01.2′E,59 km,5.0,震度３
2023/06/19,10:39:16.7,トカラ列島近海,29°55.2′N,130°02.9′E,13 km,3.0,震度２
2023/06/19,10:32:44.8,伊豆大島近海,34°45.0′N,139°17.2′E,0 km,2.7,震度２
2023/06/19,10:31:42.0,伊豆大島近海,34°44.9′N,139°17.3′E,0 km,2.6,震度１
2023/06/19,10:26:09.1,伊豆大島近海,34°45.0′N,139°17.4′E,0 km,2.1,震度１
2023/06/19,10:19:54.9,伊豆大島近海,34°45.5′N,139°17.3′E,0 km,2.0,震度１
2023/06/19,09:44:22.7,伊豆大島近海,34°45.3′N,139°17.4′E,0 km,2.3,震度１
2023/06/19,05:37:02.4,大隅半島東方沖,31°15.6′N,131°38.1′E,27 km,4.2,震度２
2023/06/19,04:59:05.8,福島県会津,37°03.0′N,139°20.4′E,8 km,2.5,震度１
2023/06/19,01:58:43.8,大隅半島東方沖,31°14.3′N,131°37.2′E,28 km,4.7,震度３
2023/06/19,00:54:25.2,伊豆大島近海,34°45.5′N,139°17.2′E,0 km,2.3,震度１
2023/06/19,00:53:24.0,伊豆大島近海,34°45.6′N,139°17.0′E,0 km,2.7,震度１
2023/06/19,00:52:16.7,伊豆大島近海,34°45.5′N,139°16.3′E,0 km,2.3,震度１
2023/06/18,19:33:08.9,岐阜県飛騨地方,36°22.0′N,137°36.9′E,2 km,3.2,震度１
2023/06/17,20:42:39.7,青森県東方沖,41°23.1′N,142°41.3′E,35 km,5.0,震度２
2023/06/17,20:35:59.7,オホーツク海南部,47°11.7′N,147°50.8′E,457 km,5.8,震度２
2023/06/17,18:37:42.5,日高地方東部,42°14.4′N,142°54.5′E,54 km,4.1,震度２
2023/06/17,09:26:16.5,青森県東方沖,41°08.0′N,142°50.6′E,30 km,5.7,震度３
2023/06/17,03:49:39.3,トカラ列島近海,29°56.4′N,130°01.0′E,10 km,2.3,震度１
2023/06/16,21:24:09.6,千葉県北東部,35°42.3′N,140°42.7′E,49 km,4.9,震度４
2023/06/16,21:14:03.0,千葉県北西部,35°48.6′N,140°07.5′E,66 km,4.0,震度２
2023/06/16,12:53:39.3,薩摩半島西方沖,31°35.7′N,130°19.8′E,6 km,2.8,震度２
2023/06/16,12:20:43.0,トカラ列島近海,29°56.6′N,130°00.1′E,10 km,2.4,震度２
2023/06/15,16:31:43.3,能登半島沖,37°35.6′N,137°16.9′E,10 km,3.6,震度１
2023/06/15,07:42:22.3,新島・神津島近海,34°29.9′N,139°13.1′E,11 km,2.5,震度１
2023/06/15,05:24:14.3,茨城県北部,36°46.1′N,140°33.3′E,7 km,2.9,震度１
2023/06/15,03:49:31.7,能登半島沖,37°29.1′N,137°22.7′E,2 km,2.6,震度１
2023/06/15,00:07:38.9,千葉県北東部,35°43.2′N,140°40.9′E,48 km,4.2,震度２
2023/06/15,00:06:41.7,千葉県北東部,35°42.4′N,140°42.0′E,50 km,4.2,震度２
2023/06/14,23:25:26.4,奄美大島北東沖,29°13.5′N,130°29.4′E,61 km,4.3,震度１
2023/06/14,19:01:28.8,能登半島沖,37°35.6′N,137°19.5′E,10 km,3.6,震度２
2023/06/14,08:43:55.2,トカラ列島近海,29°46.1′N,129°50.1′E,10 km,2.8,震度２
2023/06/14,08:30:18.2,トカラ列島近海,29°46.1′N,129°50.1′E,11 km,2.5,震度２
2023/06/14,08:23:28.9,トカラ列島近海,29°46.4′N,129°49.3′E,11 km,3.0,震度３
2023/06/13,17:03:12.9,トカラ列島近海,29°46.8′N,129°50.3′E,10 km,2.3,震度１
2023/06/13,15:49:08.0,トカラ列島近海,29°45.3′N,129°52.0′E,8 km,2.2,震度２
2023/06/13,07:32:05.4,能登半島沖,37°30.9′N,137°11.9′E,9 km,3.0,震度２
2023/06/12,13:50:52.4,岩手県沖,39°20.9′N,141°56.4′E,57 km,3.7,震度１
2023/06/12,10:06:34.3,トカラ列島近海,29°55.4′N,130°01.1′E,12 km,2.1,震度１
2023/06/12,06:27:24.1,兵庫県南東部,35°10.6′N,134°59.9′E,12 km,2.7,震度１
2023/06/12,03:56:36.4,トカラ列島近海,29°55.2′N,130°03.2′E,13 km,2.4,震度１
2023/06/11,21:25:38.9,与那国島近海,24°09.0′N,122°29.2′E,47 km,4.8,震度１
2023/06/11,18:54:44.6,苫小牧沖,42°33.5′N,141°54.9′E,136 km,6.2,震度５弱
2023/06/11,05:53:46.4,宗谷地方北部,45°12.6′N,141°44.4′E,11 km,2.7,震度１
2023/06/11,02:44:56.8,福島県中通り,36°59.4′N,140°23.7′E,83 km,2.8,震度１
2023/06/11,01:20:54.1,和歌山県北部,33°51.8′N,135°12.9′E,51 km,4.1,震度２
2023/06/11,01:01:48.2,石川県能登地方,37°30.3′N,137°14.7′E,12 km,3.1,震度１
2023/06/10,18:22:23.9,宗谷地方北部,45°12.6′N,141°44.2′E,11 km,2.5,震度１
2023/06/10,17:57:36.7,宮城県沖,38°44.9′N,141°59.8′E,57 km,3.7,震度２
2023/06/10,06:21:40.9,能登半島沖,37°32.0′N,137°11.9′E,9 km,3.0,震度２
2023/06/10,03:45:34.9,新島・神津島近海,34°27.9′N,139°12.9′E,9 km,2.3,震度１
2023/06/10,03:41:49.3,熊本県阿蘇地方,32°56.6′N,131°02.2′E,8 km,2.4,震度１
2023/06/10,03:30:42.7,新島・神津島近海,34°28.0′N,139°12.9′E,9 km,2.9,震度２
2023/06/09,22:48:04.6,石川県能登地方,37°30.9′N,137°12.6′E,8 km,3.1,震度２
2023/06/09,20:45:31.6,能登半島沖,37°29.4′N,137°24.0′E,4 km,3.8,震度３
2023/06/09,08:35:26.8,奄美大島近海,28°41.3′N,129°20.4′E,70 km,3.7,震度１
2023/06/09,06:20:56.8,薩摩半島西方沖,31°12.5′N,130°16.5′E,181 km,4.7,震度１
2023/06/09,05:10:58.0,石川県能登地方,37°27.4′N,137°16.3′E,9 km,2.5,震度１
2023/06/09,01:43:45.0,和歌山県北部,33°58.1′N,135°30.5′E,49 km,2.9,震度１
2023/06/08,21:49:38.3,能登半島沖,37°33.6′N,137°17.5′E,10 km,3.1,震度１
2023/06/08,21:37:33.9,千葉県東方沖,35°39.2′N,140°43.4′E,45 km,2.9,震度１
2023/06/08,19:34:27.7,福島県沖,37°45.4′N,141°41.4′E,62 km,4.2,震度２
2023/06/08,18:02:45.8,熊本県熊本地方,32°30.9′N,130°34.3′E,8 km,2.3,震度１
2023/06/08,04:54:46.9,茨城県北部,36°28.9′N,140°31.5′E,57 km,3.4,震度２
2023/06/07,18:43:25.6,トカラ列島近海,29°56.8′N,129°58.7′E,12 km,2.5,震度１
2023/06/07,16:50:16.6,トカラ列島近海,29°56.1′N,130°00.8′E,11 km,2.4,震度１
2023/06/07,07:46:46.1,トカラ列島近海,29°58.0′N,129°55.5′E,7 km,2.3,震度１
2023/06/06,21:17:38.1,トカラ列島近海,29°56.0′N,130°00.9′E,12 km,2.2,震度２
2023/06/06,18:17:51.0,岐阜県飛騨地方,36°06.7′N,137°17.5′E,11 km,3.0,震度１
2023/06/06,10:26:08.7,秋田県内陸南部,39°36.3′N,140°34.4′E,6 km,3.0,震度２
2023/06/06,07:18:22.4,トカラ列島近海,29°58.0′N,129°59.0′E,11 km,2.6,震度１
2023/06/06,06:25:01.1,茨城県北部,36°49.2′N,140°35.3′E,7 km,4.0,震度２
2023/06/06,06:05:34.0,宮城県沖,38°55.2′N,141°56.4′E,51 km,4.0,震度１
2023/06/06,05:46:28.8,千葉県東方沖,35°50.8′N,140°55.0′E,25 km,3.7,震度２
2023/06/06,04:51:57.4,トカラ列島近海,29°58.5′N,129°59.2′E,8 km,2.8,震度１
2023/06/05,21:45:52.4,茨城県沖,36°31.8′N,141°13.0′E,46 km,3.5,震度１
2023/06/05,13:01:15.7,能登半島沖,37°34.4′N,137°16.5′E,9 km,3.4,震度１
2023/06/05,11:35:06.4,宮城県沖,38°28.9′N,142°07.7′E,41 km,4.3,震度２
2023/06/05,10:28:55.9,広島県北部,34°56.8′N,132°49.3′E,9 km,2.8,震度１
2023/06/04,22:59:12.8,福島県沖,37°13.8′N,142°09.8′E,24 km,4.4,震度１
2023/06/04,20:45:27.4,トカラ列島近海,29°46.1′N,129°51.0′E,10 km,2.1,震度１
2023/06/04,20:35:30.2,トカラ列島近海,29°46.2′N,129°50.6′E,10 km,2.5,震度１
2023/06/04,19:42:43.2,トカラ列島近海,29°56.2′N,130°00.5′E,12 km,3.3,震度２
2023/06/04,15:50:12.1,千葉県北西部,35°39.4′N,140°10.5′E,51 km,3.6,震度１
2023/06/04,14:37:29.6,秋田県内陸南部,39°36.9′N,140°37.6′E,5 km,2.8,震度１
2023/06/04,10:58:32.6,千葉県北西部,35°48.7′N,140°04.1′E,70 km,4.6,震度３
2023/06/04,06:12:23.3,能登半島沖,37°29.2′N,137°23.4′E,3 km,3.0,震度２
2023/06/04,04:45:02.0,トカラ列島近海,29°56.4′N,129°58.3′E,12 km,2.2,震度１
2023/06/04,03:57:32.2,釧路沖,42°54.2′N,145°29.9′E,40 km,3.6,震度１
2023/06/04,02:19:13.4,トカラ列島近海,29°56.3′N,130°00.7′E,11 km,2.4,震度１
2023/06/04,01:17:53.8,トカラ列島近海,29°56.3′N,130°00.8′E,10 km,2.9,震度１
2023/06/03,19:35:40.4,浦河沖,42°00.3′N,142°34.2′E,65 km,5.1,震度３
2023/06/03,14:59:26.2,新潟県中越地方,37°18.3′N,138°51.7′E,17 km,2.8,震度１
2023/06/03,14:13:03.5,能登半島沖,37°32.1′N,137°11.7′E,8 km,2.4,震度１
2023/06/03,01:51:40.8,和歌山県北部,34°01.4′N,135°14.0′E,6 km,2.1,震度１
2023/06/02,20:28:13.0,岐阜県飛騨地方,36°03.3′N,137°26.1′E,4 km,2.3,震度１
2023/06/02,17:06:54.6,岐阜県飛騨地方,36°03.3′N,137°26.1′E,3 km,2.6,震度１
2023/06/02,16:45:20.9,津軽海峡,41°34.6′N,140°37.5′E,13 km,3.3,震度１
2023/06/02,13:04:00.1,茨城県沖,36°38.9′N,140°55.5′E,48 km,3.2,震度１
2023/06/02,06:36:50.0,トカラ列島近海,29°56.4′N,130°00.9′E,10 km,2.3,震度１
2023/06/02,02:57:01.5,岐阜県飛騨地方,36°03.2′N,137°26.1′E,4 km,2.3,震度１
2023/06/02,02:55:21.2,岐阜県飛騨地方,36°03.3′N,137°26.1′E,3 km,2.8,震度１
2023/06/01,22:14:39.4,トカラ列島近海,29°55.6′N,129°59.5′E,10 km,2.4,震度１
2023/06/01,20:47:13.0,トカラ列島近海,29°56.2′N,130°02.5′E,11 km,2.4,震度１
2023/06/01,20:27:00.3,トカラ列島近海,29°56.2′N,130°00.2′E,12 km,3.1,震度２
2023/06/01,20:11:06.9,トカラ列島近海,29°56.3′N,129°59.9′E,11 km,3.7,震度３
2023/06/01,19:34:15.2,トカラ列島近海,29°57.5′N,130°00.3′E,4 km,2.3,震度１
2023/06/01,17:49:32.5,トカラ列島近海,29°56.2′N,130°00.3′E,11 km,2.3,震度１
2023/06/01,16:40:01.2,奄美大島近海,28°17.8′N,129°35.6′E,31 km,3.3,震度１
2023/06/01,15:00:04.2,トカラ列島近海,29°56.1′N,130°02.2′E,11 km,2.4,震度１
2023/06/01,12:04:14.1,茨城県沖,36°15.6′N,141°11.3′E,34 km,3.5,震度１
2023/06/01,11:58:38.8,トカラ列島近海,29°56.2′N,130°00.3′E,10 km,2.5,震度１
2023/06/01,11:41:58.3,トカラ列島近海,29°55.7′N,130°01.0′E,12 km,2.1,震度１
2023/06/01,11:31:59.3,トカラ列島近海,29°56.0′N,130°00.7′E,9 km,2.4,震度１
2023/06/01,11:28:28.7,トカラ列島近海,29°56.2′N,130°00.1′E,11 km,4.3,震度４
2023/06/01,10:29:43.3,トカラ列島近海,29°56.1′N,130°00.8′E,9 km,2.6,震度１
2023/06/01,00:03:50.8,宮城県沖,38°42.9′N,142°16.3′E,41 km,4.1,震度２
2023/06/01,00:03:46.9,能登半島沖,37°30.6′N,137°23.5′E,5 km,3.7,震度２
2023/05/31,23:41:12.9,千葉県北東部,35°42.2′N,140°43.7′E,49 km,3.3,震度１
2023/05/31,21:15:14.9,和歌山県北部,33°54.8′N,135°13.0′E,8 km,2.6,震度１
2023/05/31,20:12:24.7,瀬戸内海中部,34°09.3′N,133°31.9′E,21 km,3.2,震度１
2023/05/31,15:20:32.2,紀伊水道,33°50.8′N,134°59.2′E,11 km,3.1,震度１
2023/05/31,10:04:31.4,宮城県沖,38°53.5′N,141°58.3′E,49 km,3.7,震度１
2023/05/31,07:48:56.5,八丈島近海,33°25.5′N,139°21.6′E,23 km,4.3,震度１
2023/05/31,04:06:53.0,岐阜県飛騨地方,36°03.2′N,137°26.1′E,3 km,2.8,震度１
2023/05/31,03:41:17.9,石川県能登地方,37°28.6′N,137°18.1′E,7 km,2.3,震度１
2023/05/30,22:52:01.8,福島県沖,37°30.7′N,141°43.8′E,44 km,3.9,震度２
2023/05/30,20:15:58.2,熊本県熊本地方,32°39.1′N,130°41.0′E,12 km,3.8,震度３
2023/05/30,19:24:05.7,石川県能登地方,37°27.6′N,137°16.1′E,9 km,2.6,震度２
2023/05/30,17:57:35.7,岐阜県飛騨地方,36°03.2′N,137°26.1′E,3 km,2.2,震度１
2023/05/30,17:49:16.3,能登半島沖,37°30.6′N,137°23.4′E,4 km,4.6,震度４
2023/05/30,17:30:46.9,新島・神津島近海,34°19.6′N,139°14.1′E,7 km,1.8,震度１
2023/05/30,13:28:54.2,能登半島沖,37°31.0′N,137°21.4′E,4 km,2.8,震度１
2023/05/30,00:06:32.4,トカラ列島近海,29°59.1′N,129°54.7′E,1 km,1.9,震度１
2023/05/29,22:48:02.9,トカラ列島近海,29°57.6′N,129°54.2′E,10 km,2.3,震度１
2023/05/29,22:08:46.8,トカラ列島近海,29°57.5′N,129°54.9′E,10 km,2.0,震度１
2023/05/29,21:57:15.2,トカラ列島近海,29°57.4′N,129°54.5′E,11 km,2.9,震度２
2023/05/29,20:52:45.3,上川地方北部,44°50.2′N,142°08.1′E,0 km,2.0,震度２
2023/05/29,14:38:49.2,千葉県北西部,35°34.6′N,140°07.9′E,69 km,3.3,震度１
2023/05/29,14:02:32.7,トカラ列島近海,29°57.1′N,129°58.5′E,12 km,2.7,震度２
2023/05/29,07:58:33.7,千葉県北東部,35°42.7′N,140°43.2′E,49 km,3.3,震度１
2023/05/29,03:47:20.9,新島・神津島近海,34°26.3′N,139°16.7′E,12 km,2.1,震度１
2023/05/28,22:34:56.5,静岡県西部,34°51.7′N,137°44.2′E,31 km,3.1,震度１
2023/05/28,22:14:22.3,トカラ列島近海,29°56.7′N,129°59.2′E,11 km,2.5,震度２
2023/05/28,21:04:48.4,新島・神津島近海,34°26.6′N,139°17.0′E,12 km,2.8,震度２
2023/05/28,20:40:42.5,新島・神津島近海,34°26.8′N,139°17.0′E,11 km,2.3,震度１
2023/05/28,20:06:47.7,トカラ列島近海,29°55.9′N,130°00.5′E,13 km,2.8,震度２
2023/05/28,13:45:07.3,トカラ列島近海,29°57.2′N,129°58.0′E,10 km,2.1,震度１
2023/05/28,13:11:25.4,トカラ列島近海,29°55.6′N,130°01.7′E,13 km,2.6,震度２
2023/05/28,08:11:52.4,トカラ列島近海,29°57.8′N,129°58.6′E,4 km,2.9,震度１
2023/05/28,06:39:58.8,千葉県東方沖,35°48.6′N,140°56.3′E,27 km,3.4,震度２
2023/05/28,05:41:42.8,トカラ列島近海,29°56.9′N,129°58.5′E,10 km,3.3,震度２
2023/05/28,05:29:54.5,トカラ列島近海,29°57.3′N,129°58.2′E,9 km,3.0,震度２
2023/05/28,01:33:42.5,トカラ列島近海,29°56.6′N,129°58.4′E,11 km,2.7,震度２
2023/05/28,01:27:46.2,トカラ列島近海,29°57.5′N,129°58.9′E,4 km,2.6,震度１
2023/05/28,00:00:35.8,トカラ列島近海,29°58.1′N,129°57.7′E,7 km,3.1,震度２
2023/05/27,23:56:58.3,トカラ列島近海,29°57.1′N,129°58.9′E,8 km,2.5,震度１
2023/05/27,23:54:03.8,トカラ列島近海,29°57.1′N,129°59.4′E,7 km,2.6,震度１
2023/05/27,23:50:24.4,トカラ列島近海,29°56.8′N,129°58.8′E,13 km,2.5,震度１
2023/05/27,23:49:16.9,トカラ列島近海,29°56.7′N,129°58.0′E,12 km,2.7,震度１
2023/05/27,23:33:07.6,トカラ列島近海,29°56.5′N,129°59.7′E,8 km,3.1,震度３
2023/05/27,23:31:51.5,トカラ列島近海,29°57.1′N,129°58.5′E,8 km,2.3,震度１
2023/05/27,23:24:20.9,トカラ列島近海,29°56.5′N,129°58.8′E,13 km,3.2,震度１
2023/05/27,23:17:53.5,トカラ列島近海,29°56.5′N,129°58.4′E,11 km,3.1,震度２
2023/05/27,23:01:29.6,トカラ列島近海,29°56.9′N,129°58.0′E,11 km,3.0,震度２
2023/05/27,22:55:59.9,トカラ列島近海,29°57.4′N,129°58.8′E,7 km,2.5,震度１
2023/05/27,22:54:24.9,トカラ列島近海,29°57.2′N,129°58.6′E,7 km,2.8,震度１
2023/05/27,22:52:12.3,トカラ列島近海,29°56.6′N,129°58.2′E,12 km,4.6,震度４
2023/05/27,22:49:44.5,千葉県東方沖,35°38.4′N,140°42.1′E,49 km,4.1,震度２
2023/05/27,05:01:07.7,千葉県東方沖,35°41.4′N,140°45.1′E,46 km,3.9,震度１
2023/05/26,23:44:31.9,千葉県東方沖,35°38.8′N,140°40.1′E,50 km,3.4,震度２
2023/05/26,21:01:53.1,千葉県東方沖,35°39.0′N,140°45.9′E,48 km,4.4,震度２
2023/05/26,20:07:40.7,千葉県東方沖,35°39.1′N,140°45.8′E,48 km,4.0,震度１
2023/05/26,19:03:23.9,千葉県東方沖,35°38.4′N,140°40.3′E,50 km,6.2,震度５弱
2023/05/26,17:52:55.6,新島・神津島近海,34°30.4′N,139°12.4′E,7 km,2.3,震度１
2023/05/26,16:57:30.0,トカラ列島近海,29°54.9′N,130°02.3′E,13 km,2.0,震度１
2023/05/26,16:39:47.3,新島・神津島近海,34°24.8′N,139°13.1′E,10 km,2.6,震度１
2023/05/26,05:10:40.7,新島・神津島近海,34°29.7′N,139°13.0′E,11 km,2.3,震度２
2023/05/25,16:12:34.8,トカラ列島近海,29°57.6′N,129°59.3′E,9 km,2.7,震度１
2023/05/25,09:15:31.1,浦河沖,42°05.3′N,142°34.3′E,67 km,4.2,震度２
2023/05/25,06:55:48.7,トカラ列島近海,29°55.2′N,129°59.7′E,13 km,3.0,震度３
2023/05/24,22:16:34.5,トカラ列島近海,29°58.3′N,129°58.6′E,9 km,3.2,震度２
2023/05/24,19:46:51.6,トカラ列島近海,29°57.1′N,129°58.6′E,10 km,2.3,震度１
2023/05/24,19:26:04.9,能登半島沖,37°35.8′N,137°18.8′E,11 km,3.8,震度１
2023/05/24,15:15:34.9,新島・神津島近海,34°28.8′N,139°12.2′E,10 km,2.5,震度１
2023/05/24,09:50:10.1,新島・神津島近海,34°28.8′N,139°12.8′E,13 km,2.3,震度１
2023/05/24,05:30:16.3,石川県能登地方,37°31.3′N,137°15.0′E,11 km,2.9,震度１
2023/05/24,02:22:04.7,新島・神津島近海,34°30.1′N,139°13.0′E,11 km,2.9,震度２
2023/05/24,01:31:37.9,新島・神津島近海,34°29.1′N,139°12.7′E,9 km,4.1,震度３
2023/05/23,18:52:30.0,新島・神津島近海,34°28.8′N,139°12.2′E,9 km,2.2,震度１
2023/05/23,18:04:36.4,新島・神津島近海,34°29.8′N,139°12.6′E,9 km,2.6,震度１
2023/05/23,17:21:48.4,紀伊水道,34°00.4′N,134°48.1′E,46 km,4.0,震度２
2023/05/23,17:09:55.2,沖縄本島近海,26°00.1′N,127°17.1′E,50 km,3.3,震度１
2023/05/23,16:10:04.2,新島・神津島近海,34°27.6′N,139°12.8′E,10 km,2.9,震度１
2023/05/23,15:34:57.2,茨城県南部,36°02.1′N,139°54.5′E,44 km,3.1,震度１
2023/05/23,14:10:53.5,島根県西部,35°06.1′N,132°40.4′E,9 km,2.9,震度１
2023/05/23,11:22:02.6,新島・神津島近海,34°26.9′N,139°12.4′E,10 km,2.9,震度２
2023/05/23,10:22:53.5,新島・神津島近海,34°30.2′N,139°12.9′E,10 km,2.2,震度１
2023/05/23,09:13:26.0,新島・神津島近海,34°29.8′N,139°12.6′E,9 km,2.3,震度１
2023/05/23,08:06:46.7,新島・神津島近海,34°28.3′N,139°14.1′E,9 km,3.0,震度２
2023/05/23,07:17:37.2,新島・神津島近海,34°29.3′N,139°12.9′E,7 km,3.3,震度１
2023/05/23,05:54:13.0,新島・神津島近海,34°28.0′N,139°15.0′E,9 km,2.5,震度１
2023/05/23,05:53:09.8,新島・神津島近海,34°29.0′N,139°13.3′E,14 km,3.0,震度２
2023/05/23,04:31:35.0,新島・神津島近海,34°29.9′N,139°13.2′E,12 km,4.0,震度３
2023/05/23,04:06:53.4,新島・神津島近海,34°30.2′N,139°12.9′E,11 km,2.5,震度１
2023/05/23,02:49:15.7,新島・神津島近海,34°28.2′N,139°15.0′E,10 km,2.0,震度１
2023/05/23,02:45:48.0,新島・神津島近海,34°30.4′N,139°12.9′E,12 km,2.3,震度１
2023/05/23,02:22:11.5,新島・神津島近海,34°29.8′N,139°12.5′E,9 km,2.3,震度１
2023/05/23,00:47:09.5,新島・神津島近海,34°29.1′N,139°12.8′E,10 km,2.2,震度１
2023/05/23,00:03:31.0,トカラ列島近海,29°55.5′N,130°01.0′E,11 km,2.4,震度１
2023/05/23,00:01:23.5,新島・神津島近海,34°27.0′N,139°16.2′E,12 km,2.9,震度２
2023/05/22,23:52:02.1,新島・神津島近海,34°29.4′N,139°12.7′E,10 km,2.5,震度１
2023/05/22,23:44:18.6,トカラ列島近海,29°56.5′N,129°59.2′E,13 km,2.7,震度１
2023/05/22,23:19:00.7,新島・神津島近海,34°30.2′N,139°12.9′E,11 km,2.3,震度１
2023/05/22,22:58:25.0,釧路沖,42°53.2′N,144°32.3′E,45 km,3.8,震度２
2023/05/22,22:28:02.2,新島・神津島近海,34°28.4′N,139°13.3′E,9 km,2.1,震度１
2023/05/22,22:25:04.0,新島・神津島近海,34°29.4′N,139°12.9′E,11 km,2.2,震度１
2023/05/22,22:12:01.1,新島・神津島近海,34°27.8′N,139°14.9′E,10 km,2.6,震度１
2023/05/22,21:25:49.0,新島・神津島近海,34°29.4′N,139°13.0′E,11 km,2.6,震度２
2023/05/22,21:12:40.6,新島・神津島近海,34°29.6′N,139°13.0′E,11 km,2.1,震度１
2023/05/22,20:45:53.3,新島・神津島近海,34°29.3′N,139°12.7′E,10 km,2.6,震度１
2023/05/22,20:31:19.4,新島・神津島近海,34°29.1′N,139°12.4′E,10 km,2.4,震度１
2023/05/22,19:48:37.7,石川県能登地方,37°27.1′N,137°15.0′E,11 km,3.0,震度２
2023/05/22,19:47:49.5,新島・神津島近海,34°27.7′N,139°15.2′E,9 km,3.5,震度２
2023/05/22,19:46:26.1,新島・神津島近海,34°27.9′N,139°14.6′E,11 km,5.1,震度４
2023/05/22,19:21:44.9,新島・神津島近海,34°29.4′N,139°12.9′E,10 km,2.4,震度１
2023/05/22,19:12:48.4,新島・神津島近海,34°29.4′N,139°12.8′E,10 km,2.0,震度１
2023/05/22,18:31:52.0,新島・神津島近海,34°29.0′N,139°12.9′E,11 km,2.2,震度１
2023/05/22,18:29:11.3,新島・神津島近海,34°28.9′N,139°12.9′E,12 km,2.7,震度１
2023/05/22,17:54:49.5,新島・神津島近海,34°27.5′N,139°12.5′E,10 km,2.6,震度１
2023/05/22,17:36:15.0,新島・神津島近海,34°27.4′N,139°12.7′E,12 km,2.3,震度１
2023/05/22,17:27:13.6,新島・神津島近海,34°29.3′N,139°12.8′E,10 km,4.1,震度３
2023/05/22,17:07:39.5,新島・神津島近海,34°29.4′N,139°11.8′E,6 km,2.4,震度１
2023/05/22,17:06:52.1,新島・神津島近海,34°29.2′N,139°12.9′E,10 km,2.6,震度１
2023/05/22,17:03:42.9,新島・神津島近海,34°29.1′N,139°12.9′E,10 km,2.4,震度１
2023/05/22,17:00:08.5,新島・神津島近海,34°29.5′N,139°11.8′E,7 km,2.3,震度１
2023/05/22,16:58:22.3,新島・神津島近海,34°28.6′N,139°13.0′E,12 km,2.9,震度２
2023/05/22,16:51:10.6,新島・神津島近海,34°29.2′N,139°13.1′E,14 km,2.4,震度１
2023/05/22,16:46:27.9,新島・神津島近海,34°29.1′N,139°12.7′E,13 km,3.1,震度２
2023/05/22,16:45:47.1,新島・神津島近海,34°28.8′N,139°12.6′E,12 km,2.7,震度１
2023/05/22,16:45:12.7,新島・神津島近海,34°27.1′N,139°16.0′E,18 km,3.4,震度１
2023/05/22,16:44:18.3,新島・神津島近海,34°29.7′N,139°12.0′E,10 km,3.8,震度２
2023/05/22,16:42:41.2,新島・神津島近海,34°28.5′N,139°13.0′E,11 km,5.3,震度５弱
2023/05/22,15:48:21.2,新島・神津島近海,34°28.4′N,139°12.9′E,11 km,2.5,震度１
2023/05/22,13:17:59.8,トカラ列島近海,29°56.6′N,129°58.7′E,13 km,2.6,震度１
2023/05/22,12:10:26.2,新島・神津島近海,34°28.9′N,139°12.9′E,11 km,2.9,震度２
2023/05/22,11:47:08.1,新島・神津島近海,34°29.0′N,139°13.0′E,12 km,2.8,震度１
2023/05/22,10:54:37.3,新島・神津島近海,34°29.2′N,139°13.0′E,11 km,2.9,震度１
2023/05/22,10:53:10.6,新島・神津島近海,34°29.2′N,139°13.0′E,12 km,4.2,震度３
2023/05/22,09:56:32.4,石川県能登地方,37°27.2′N,137°14.8′E,10 km,2.2,震度１
2023/05/22,09:51:59.7,石川県能登地方,37°27.1′N,137°14.9′E,11 km,3.0,震度２
2023/05/22,09:37:58.1,能登半島沖,37°32.8′N,137°10.2′E,9 km,2.7,震度１
2023/05/22,08:18:51.4,福島県沖,37°45.3′N,141°41.4′E,62 km,4.0,震度２
2023/05/22,07:47:42.2,富山湾,37°26.0′N,137°18.6′E,5 km,1.6,震度１
2023/05/22,07:20:05.6,トカラ列島近海,29°44.8′N,129°27.1′E,191 km,5.4,震度３
2023/05/22,00:20:27.2,能登半島沖,37°36.5′N,137°17.2′E,11 km,4.0,震度２
2023/05/21,23:31:09.6,トカラ列島近海,29°55.5′N,129°59.9′E,11 km,2.3,震度１
